site_id,date,temperature,temperature_max,temperature_min,precipitation,humidity,wind_speed,solar_radiation,temperature_range,vpd_kpa,et0,rainfall_7d,rainfall_30d,temperature_7d,water_balance_30d,precipitation_lag1,doy_sin,doy_cos,crop_age,kc,latitude,longitude,field_capacity,wilting_point,root_depth_m,taw_mm,target,prediction
marrakech,2021-11-15,14.52,23.04,9.15,0.0,36.82,1.72,16.09,13.89,1.0445896577540552,2.39892259016609,0.0,6.590000000000002,14.325714285714286,-80.82828949711222,0.0,-0.7142921172691032,0.699847677146407,0,0.3,31.63,-7.99,0.25,0.12,1.0,130.0,0.7724189917360581,0.787266301705432
meknes,2021-11-15,14.95,22.66,9.94,0.07,61.96,2.28,15.19,12.72,0.6466284199953939,2.181590078455935,0.1400000000000302,13.08,14.985714285714286,-69.77480421839675,0.01,-0.7142921172691032,0.699847677146407,0,0.3,33.89,-5.55,0.3,0.15,1.0,150.0,0.7166153998994547,0.5020243808203642
settat,2021-11-15,14.98,23.79,9.83,0.03,62.38,1.71,14.58,13.96,0.6407256485723635,2.3475394585645706,0.29,10.210000000000017,14.902857142857142,-75.08772569891269,0.06,-0.7142921172691032,0.699847677146407,0,0.3,33.0,-7.62,0.28,0.14,1.0,140.0,0.6969021411182796,0.6826261180266192
marrakech,2021-11-16,13.71,22.0,8.73,0.0,35.96,1.61,16.24,13.27,1.0046386871574915,2.271284340949514,0.0,6.590000000000002,14.349999999999998,-79.02460344458733,0.0,-0.7021479494046978,0.7120310787787131,1,0.3,31.63,-7.99,0.25,0.12,1.0,130.0,0.7751927634821519,0.7663753185022566
meknes,2021-11-16,15.34,22.88,10.94,0.08,60.85,1.11,15.17,11.94,0.6823983973771562,2.1236795696200623,0.2200000000000302,13.16,15.251428571428573,-68.13949479895221,0.07,-0.7021479494046978,0.7120310787787131,1,0.3,33.89,-5.55,0.3,0.15,1.0,150.0,0.7207527730202307,0.5154691179473408
settat,2021-11-16,14.37,23.01,8.35,0.05,71.85,1.82,12.69,14.660000000000002,0.4609267994877592,2.3448122194844294,0.34,10.250000000000014,15.01,-73.80008281187816,0.03,-0.7021479494046978,0.7120310787787131,1,0.3,33.0,-7.62,0.28,0.14,1.0,140.0,0.6966882167094175,0.6826633946996628
marrakech,2021-11-17,12.67,21.21,8.25,0.01,46.97,1.6,15.3,12.96,0.7772840220680254,2.156784424747075,0.0099999999999857,6.600000000000002,14.018571428571429,-77.05092162127836,0.0,-0.6897960046655887,0.7240037789593305,2,0.3,31.63,-7.99,0.25,0.12,1.0,130.0,0.767917542663614,0.6928598702734712
meknes,2021-11-17,14.38,22.43,8.96,0.05,56.1,1.64,14.49,13.47,0.7192818026981219,2.1750775131759603,0.2500000000000302,13.21,15.15,-66.17680181270417,0.08,-0.6897960046655887,0.7240037789593305,2,0.3,33.89,-5.55,0.3,0.15,1.0,150.0,0.7302265461741205,0.4850771731438792
settat,2021-11-17,14.35,21.49,10.55,0.03,75.4,1.86,13.45,10.939999999999998,0.4022783095158738,2.0107648057398237,0.36,10.280000000000015,14.89,-71.58219706186682,0.05,-0.6897960046655887,0.7240037789593305,2,0.3,33.0,-7.62,0.28,0.14,1.0,140.0,0.7105830677645788,0.5868757068097425
marrakech,2021-11-18,14.91,23.81,8.14,0.72,42.52,2.61,13.77,15.669999999999998,0.9745676960003236,2.530133783672596,0.7299999999999858,7.320000000000002,14.007142857142858,-74.51221889092989,0.01,-0.6772399381909491,0.7357622347736527,3,0.3,31.63,-7.99,0.25,0.12,1.0,130.0,0.5837933175090645,0.7250644125341796
meknes,2021-11-18,16.41,25.82,9.21,0.0,40.85,2.0,13.04,16.61,1.104007599014832,2.550177560728971,0.2400000000000302,13.21,15.327142857142857,-64.40082895650053,0.05,-0.6772399381909491,0.7357622347736527,3,0.3,33.89,-5.55,0.3,0.15,1.0,150.0,0.5849329890258754,0.5980483542060109
settat,2021-11-18,16.55,25.82,9.05,0.01,48.94,2.0,13.48,16.77,0.9615392696082972,2.6424194679496957,0.35,10.280000000000015,15.068571428571428,-70.11066060619339,0.03,-0.6772399381909491,0.7357622347736527,3,0.3,33.0,-7.62,0.28,0.14,1.0,140.0,0.6710886487341586,0.612908036746415
marrakech,2021-11-19,13.78,19.14,10.44,8.09,68.18,1.95,5.24,8.700000000000001,0.5014591729608436,1.8090543872542368,8.819999999999986,15.410000000000002,13.974285714285712,-64.321708648533,0.72,-0.6644834655228552,0.7473029667054297,4,0.3,31.63,-7.99,0.25,0.12,1.0,130.0,0.5905901445413453,0.46528437574580184
meknes,2021-11-19,17.29,25.08,12.01,7.78,50.04,3.33,7.26,13.07,0.9860248648658329,2.304840435648652,7.99000000000003,20.93,15.692857142857145,-55.1146038677408,0.0,-0.6644834655228552,0.7473029667054297,4,0.3,33.89,-5.55,0.3,0.15,1.0,150.0,0.556531866733069,0.10722328770783111
settat,2021-11-19,17.06,23.22,12.75,1.84,55.42,3.31,9.0,10.47,0.8671298144835489,2.1052500807318832,2.09,12.010000000000016,15.409999999999998,-66.60719784665282,0.01,-0.6644834655228552,0.7473029667054297,4,0.3,33.0,-7.62,0.28,0.14,1.0,140.0,0.670750483710155,0.511124481665427
marrakech,2021-11-20,13.21,20.02,8.68,0.18,68.07,1.61,12.61,11.34,0.4848474903180905,2.0160281904876203,8.999999999999986,15.490000000000002,13.885714285714286,-63.05140794175395,8.09,-0.6515303615068021,0.75862255966641,5,0.3,31.63,-7.99,0.25,0.12,1.0,130.0,0.5988043820623785,0.5155708168969778
meknes,2021-11-20,15.11,20.58,10.94,1.33,75.84,1.99,10.95,9.64,0.4149385403187256,1.8443158667896484,9.32000000000003,21.98,15.605714285714283,-52.76030696393144,7.78,-0.6515303615068021,0.75862255966641,5,0.3,33.89,-5.55,0.3,0.15,1.0,150.0,0.5584463625017371,0.12440622028523429
settat,2021-11-20,14.97,20.98,10.73,0.15,75.05,2.4,12.17,10.25,0.424662792188799,1.9457894213051812,2.1700000000000004,11.400000000000016,15.37285714285714,-66.0251239054752,1.84,-0.6515303615068021,0.75862255966641,5,0.3,33.0,-7.62,0.28,0.14,1.0,140.0,0.6753575004017195,0.5632840150158681
marrakech,2021-11-21,13.76,20.63,8.87,0.0,52.05,1.39,10.95,11.76,0.7546738823197662,2.077287592605664,8.999999999999986,10.98,13.794285714285715,-66.64185254248551,0.18,-0.6383844591746642,0.769717664006921,6,0.3,31.63,-7.99,0.25,0.12,1.0,130.0,0.5879435055438929,0.5416897399314134
meknes,2021-11-21,13.87,19.72,9.39,0.19,71.86,1.93,8.75,10.329999999999998,0.4460664060906028,1.8254957439224917,9.50000000000003,21.66,15.335714285714287,-52.0819910742294,1.33,-0.6383844591746642,0.769717664006921,6,0.3,33.89,-5.55,0.3,0.15,1.0,150.0,0.5296947570114547,0.14312551943129817
settat,2021-11-21,14.3,20.53,9.44,0.04,71.43,1.31,6.14,11.090000000000002,0.4656892689009229,1.970358013737626,2.1500000000000004,10.480000000000016,15.225714285714286,-66.12395901013663,0.15,-0.6383844591746642,0.769717664006921,6,0.3,33.0,-7.62,0.28,0.14,1.0,140.0,0.6736576899126558,0.5933711692875288
marrakech,2021-11-22,13.98,19.53,10.67,0.55,57.68,1.4,13.07,8.860000000000001,0.6756520209452127,1.8053267681832208,9.549999999999986,11.53,13.717142857142855,-64.53770066937669,0.0,-0.6250496486104377,0.7805849965070866,7,0.3,31.63,-7.99,0.25,0.12,1.0,130.0,0.5228570613388805,0.5426514966186832
meknes,2021-11-22,13.34,19.65,9.51,1.72,80.59,2.76,10.68,10.14,0.2972465409913993,1.767261553462564,11.15000000000003,23.380000000000003,15.105714285714283,-48.95808408686754,0.19,-0.6250496486104377,0.7805849965070866,7,0.3,33.89,-5.55,0.3,0.15,1.0,150.0,0.2565211857989473,0.11592391474498755
settat,2021-11-22,14.75,21.24,10.68,0.3,71.41,1.72,13.2,10.56,0.4797663062215744,1.937933607667,2.42,10.780000000000015,15.192857142857145,-64.58980659715021,0.04,-0.6250496486104377,0.7805849965070866,7,0.3,33.0,-7.62,0.28,0.14,1.0,140.0,0.2430865175572385,0.5928157501379648
marrakech,2021-11-23,13.67,19.0,10.5,3.13,70.41,2.53,12.76,8.5,0.4629919371074939,1.7413416188977515,12.679999999999986,14.66,13.711428571428572,-59.75422709321239,0.55,-0.6115298757991053,0.7912213413483807,8,0.3,31.63,-7.99,0.25,0.12,1.0,130.0,0.4844755519924502,0.44097431764833706
meknes,2021-11-23,12.22,15.18,9.23,13.47,86.32,3.02,3.16,5.949999999999999,0.1946719433478516,1.2971267910868107,24.54000000000003,36.85,14.66,-33.19093994218675,1.72,-0.6115298757991053,0.7912213413483807,8,0.3,33.89,-5.55,0.3,0.15,1.0,150.0,0.1918944134513808,0.05278244126827408
settat,2021-11-23,12.41,15.65,9.5,20.07,90.14,1.78,3.2,6.15,0.1420762604573646,1.3645607672104954,22.44,30.840000000000018,14.912857142857144,-42.48993825238959,0.3,-0.6115298757991053,0.7912213413483807,8,0.3,33.0,-7.62,0.28,0.14,1.0,140.0,0.2467142378376779,0.14768183600945053
marrakech,2021-11-24,10.88,15.29,7.62,1.74,75.55,1.58,11.25,7.669999999999999,0.3184074037200154,1.499384687700711,14.409999999999986,16.400000000000002,13.455714285714288,-56.066942580104666,3.13,-0.5978291414589552,0.801623551065242,9,0.3,31.63,-7.99,0.25,0.12,1.0,130.0,0.4864946194261573,0.40389006936856103
meknes,2021-11-24,11.77,15.42,9.01,3.66,81.55,3.95,7.29,6.41,0.2548745027196346,1.318303430599502,28.15000000000003,40.510000000000005,14.287142857142856,-28.537658179566197,13.47,-0.5978291414589552,0.801623551065242,9,0.3,33.89,-5.55,0.3,0.15,1.0,150.0,0.1468743774213207,0.0567461072802214
settat,2021-11-24,11.74,17.27,7.97,0.72,80.24,2.22,8.97,9.3,0.2724307685267607,1.6314529964992328,23.13,31.540000000000017,14.54,-40.42716961858228,20.07,-0.5978291414589552,0.801623551065242,9,0.3,33.0,-7.62,0.28,0.14,1.0,140.0,0.2303763837305459,0.14168588115756528
marrakech,2021-11-25,9.77,15.39,5.99,0.31,70.24,1.12,13.07,9.4,0.3598473685999337,1.5873156033335734,13.999999999999986,16.700000000000003,12.721428571428572,-54.62772099864133,1.74,-0.5839514998576998,0.8117885474764613,10,0.3,31.63,-7.99,0.25,0.12,1.0,130.0,0.4279597098121847,0.4401219523062146
meknes,2021-11-25,12.25,16.62,10.04,2.74,78.61,4.37,9.42,6.580000000000002,0.3049899640097635,1.3495481534135687,30.89000000000003,43.17,13.69285714285714,-24.980657699725203,3.66,-0.5839514998576998,0.8117885474764613,10,0.3,33.89,-5.55,0.3,0.15,1.0,150.0,0.0,0.04731515222131576
settat,2021-11-25,12.33,17.94,8.83,1.26,76.77,2.35,8.38,9.11,0.3329734649808428,1.6378364657754558,24.380000000000003,32.72000000000001,13.937142857142856,-38.234969075934416,0.72,-0.5839514998576998,0.8117885474764613,10,0.3,33.0,-7.62,0.28,0.14,1.0,140.0,0.0339247765558424,0.14332363418450741
marrakech,2021-11-26,9.68,12.97,7.42,2.4,77.56,1.74,9.31,5.550000000000001,0.269701413114582,1.2095452757495837,8.309999999999985,19.08,12.135714285714286,-50.5828974925724,0.31,-0.5699010576127624,0.821713322596059,11,0.3,31.63,-7.99,0.25,0.12,1.0,130.0,0.4209995912793034,0.432399588117054
meknes,2021-11-26,10.99,14.98,8.65,13.08,81.51,2.87,5.5,6.33,0.2425595508219069,1.261092272938069,36.190000000000026,56.24,12.792857142857144,-9.929323199233616,2.74,-0.5699010576127624,0.821713322596059,11,0.3,33.89,-5.55,0.3,0.15,1.0,150.0,0.0,0.01896684165289604
settat,2021-11-26,11.34,15.61,8.03,9.39,81.56,2.0,8.95,7.58,0.2475898713124466,1.4371424643662165,31.930000000000003,42.02000000000002,13.12,-27.58835261787278,1.26,-0.5699010576127624,0.821713322596059,11,0.3,33.0,-7.62,0.28,0.14,1.0,140.0,0.0,0.06392101715644828
marrakech,2021-11-27,8.34,12.63,5.53,0.68,78.83,2.05,9.64,7.1000000000000005,0.2324180459400915,1.2949768275975362,8.809999999999986,19.76,11.44,-48.30381914957295,2.4,-0.5556819724760489,0.8313949395234058,12,0.3,31.63,-7.99,0.25,0.12,1.0,130.0,0.4143586597816258,0.4149998065751682
meknes,2021-11-27,10.79,15.52,7.67,3.77,78.41,2.91,9.54,7.85,0.2794829601381427,1.387086234065342,38.63000000000003,60.0,12.175714285714289,-4.37514418713802,13.08,-0.5556819724760489,0.8313949395234058,12,0.3,33.89,-5.55,0.3,0.15,1.0,150.0,0.0,0.023705696310077032
settat,2021-11-27,11.08,15.58,7.75,3.56,78.54,1.87,11.37,7.83,0.2832100100383704,1.440101905232542,35.34,45.530000000000015,12.564285714285717,-22.44097988108296,9.39,-0.5556819724760489,0.8313949395234058,12,0.3,33.0,-7.62,0.28,0.14,1.0,140.0,0.0,0.010763538512460681
marrakech,2021-11-28,8.52,14.18,3.3,1.0,69.48,2.17,12.07,10.88,0.3391868986497512,1.6064600061363905,9.809999999999986,20.76,10.69142857142857,-45.74168618745939,0.68,-0.5412984521036173,0.8408305333122887,13,0.3,31.63,-7.99,0.25,0.12,1.0,130.0,0.4316171811385402,0.4510265632244544
meknes,2021-11-28,9.16,14.98,4.48,0.95,70.79,2.55,11.72,10.5,0.3389904932378905,1.504877469454477,39.39000000000004,60.89,11.502857142857142,-2.111808283882353,3.77,-0.5412984521036173,0.8408305333122887,13,0.3,33.89,-5.55,0.3,0.15,1.0,150.0,0.0,0.02413250466671831
settat,2021-11-28,11.16,16.33,7.42,0.87,68.62,2.64,13.11,8.909999999999998,0.4163312908394797,1.5327460939361806,36.17,46.36000000000002,12.115714285714288,-20.228344756946456,3.56,-0.5412984521036173,0.8408305333122887,13,0.3,33.0,-7.62,0.28,0.14,1.0,140.0,0.0,0.04383582462605431
marrakech,2021-11-29,8.99,17.92,2.88,0.0,52.03,1.96,14.99,15.040000000000004,0.5503526766038059,1.9137470508253207,9.259999999999986,20.76,9.978571428571428,-44.415124205153134,1.0,-0.5267547528105542,0.8500173118187018,14,0.3,31.63,-7.99,0.25,0.12,1.0,130.0,0.4441439227051816,0.42949839903796966
meknes,2021-11-29,11.66,17.06,7.87,1.48,82.24,2.64,11.03,9.189999999999998,0.2435654486071098,1.5307081969689191,39.150000000000034,62.36,11.262857142857143,0.8662601507611964,0.95,-0.5267547528105542,0.8500173118187018,14,0.3,33.89,-5.55,0.3,0.15,1.0,150.0,0.0,0.0
settat,2021-11-29,11.21,18.17,6.32,0.26,78.6,1.73,11.76,11.85,0.2848663511929463,1.7621287199288354,36.13,46.62000000000002,11.61,-18.434572677404457,0.87,-0.5267547528105542,0.8500173118187018,14,0.3,33.0,-7.62,0.28,0.14,1.0,140.0,0.0,0.018190923008057372
marrakech,2021-11-30,11.35,20.37,5.96,0.0,49.09,1.48,14.82,14.41,0.6840107649523448,2.029339206516814,6.129999999999986,20.76,9.647142857142857,-43.23397890753984,0.0,-0.5120551783114646,0.8589525565270845,15,0.3,31.63,-7.99,0.25,0.12,1.0,130.0,0.4509446108918619,0.3956904400702144
meknes,2021-11-30,13.12,19.59,8.58,0.46,78.91,1.16,13.48,11.01,0.3183679858155946,1.7499904504380548,26.14000000000003,62.78,11.391428571428571,2.627725578221954,1.48,-0.5120551783114646,0.8589525565270845,15,0.3,33.89,-5.55,0.3,0.15,1.0,150.0,0.0,0.0
settat,2021-11-30,12.84,19.8,8.62,0.59,78.73,2.31,11.35,11.18,0.3152568746986085,1.7993705532609183,16.650000000000002,47.15000000000001,11.671428571428573,-16.39586220496191,0.26,-0.5120551783114646,0.8589525565270845,15,0.3,33.0,-7.62,0.28,0.14,1.0,140.0,0.0015976369219653,0.01872198764492009
marrakech,2021-12-01,10.62,18.98,5.09,0.0,53.0,1.83,14.68,13.89,0.601563197866014,1.9343506910416288,4.3899999999999855,20.76,9.61,-42.02533626469823,0.0,-0.4972040784469378,0.8676336233547726,16,0.3,31.63,-7.99,0.25,0.12,1.0,130.0,0.2963237386444829,0.3875374050496819
meknes,2021-12-01,10.89,17.52,6.32,0.1,78.76,2.02,11.8,11.2,0.2767883182415819,1.63015954429483,22.580000000000037,62.79,11.265714285714283,3.6841464827044224,0.46,-0.4972040784469378,0.8676336233547726,16,0.3,33.89,-5.55,0.3,0.15,1.0,150.0,0.0,0.0
settat,2021-12-01,11.36,18.71,6.18,0.13,79.62,2.1,11.47,12.53,0.2740008300418463,1.8048391695149624,16.06,47.16000000000002,11.617142857142856,-15.177758317733735,0.59,-0.4972040784469378,0.8676336233547726,16,0.3,33.0,-7.62,0.28,0.14,1.0,140.0,0.0,0.01582708008569793
marrakech,2021-12-02,8.92,14.13,5.36,6.57,80.56,2.42,11.33,8.77,0.2219796402355135,1.4393078844361096,10.649999999999984,27.31,9.48857142857143,-34.11944295886548,0.0,-0.4822058478963526,0.8760579434344281,17,0.3,31.63,-7.99,0.25,0.12,1.0,130.0,0.3203116239337914,0.11452801582347638
meknes,2021-12-02,10.23,12.96,7.21,21.7,89.62,3.83,3.84,5.750000000000001,0.1294403837245051,1.1361220618010808,41.54000000000004,83.87,10.977142857142857,26.35870414181847,0.1,-0.4822058478963526,0.8760579434344281,17,0.3,33.89,-5.55,0.3,0.15,1.0,150.0,0.0,0.0
settat,2021-12-02,10.22,14.43,7.33,10.61,91.31,3.23,5.58,7.1,0.1082933332133529,1.2999404861613535,25.41,57.01000000000002,11.315714285714288,-3.955282082682887,0.13,-0.4822058478963526,0.8760579434344281,17,0.3,33.0,-7.62,0.28,0.14,1.0,140.0,0.0,0.009839734265298388
marrakech,2021-12-03,8.7,17.38,1.94,0.04,56.36,2.51,14.5,15.44,0.4909497797544218,1.886807783677447,8.289999999999987,26.140000000000004,9.348571428571429,-34.94045745706556,6.57,-0.4670649248774303,0.8842230238742036,18,0.3,31.63,-7.99,0.25,0.12,1.0,130.0,0.3298801914058596,0.2125447453715615
meknes,2021-12-03,9.24,16.17,3.57,0.03,74.21,1.22,13.5,12.6,0.3009196987076263,1.61558086799667,28.490000000000038,76.87,10.727142857142857,19.62756839539298,21.7,-0.4670649248774303,0.8842230238742036,18,0.3,33.89,-5.55,0.3,0.15,1.0,150.0,0.0,0.0
settat,2021-12-03,9.96,17.4,4.91,0.06,73.35,2.49,13.21,12.489999999999998,0.3263759002149764,1.701240124471198,16.08,52.87000000000002,11.118571428571428,-7.489695156408198,10.61,-0.4670649248774303,0.8842230238742036,18,0.3,33.0,-7.62,0.28,0.14,1.0,140.0,0.0,0.028372440513406875
marrakech,2021-12-04,10.39,18.87,5.66,0.0,42.08,1.69,14.69,13.21,0.7300383847736187,1.8498231622674168,7.609999999999986,25.440000000000005,9.641428571428571,-35.346402134943936,0.04,-0.451785789832884,0.8921264484954345,19,0.3,31.63,-7.99,0.25,0.12,1.0,130.0,0.3452008280700824,0.21111181491631
meknes,2021-12-04,10.18,17.39,4.98,0.04,74.6,1.51,13.71,12.41,0.3156846413369154,1.6524652192916889,24.76000000000003,72.94,10.64,15.86676546340335,0.03,-0.451785789832884,0.8921264484954345,19,0.3,33.89,-5.55,0.3,0.15,1.0,150.0,0.0,0.0
settat,2021-12-04,10.39,18.7,4.34,0.02,77.79,2.4,13.08,14.36,0.2799404786916794,1.845295176941805,12.54,50.280000000000015,11.02,-10.14753478172903,0.06,-0.451785789832884,0.8921264484954345,19,0.3,33.0,-7.62,0.28,0.14,1.0,140.0,0.0,0.0017945257125910419
marrakech,2021-12-05,10.8,20.6,5.53,0.01,49.23,2.21,14.28,15.07,0.6576563466621046,1.9976457640068643,6.619999999999985,25.43,9.967142857142855,-35.170354921213686,0.0,-0.4363729641045924,0.8997658785476209,20,0.3,31.63,-7.99,0.25,0.12,1.0,130.0,0.3629916554240079,0.1713235854536513
meknes,2021-12-05,11.28,17.02,7.92,0.8,87.75,1.85,12.35,9.1,0.1638250337228649,1.4651119732568094,24.61000000000003,73.57,10.94285714285714,17.130834066541965,0.04,-0.4363729641045924,0.8997658785476209,20,0.3,33.89,-5.55,0.3,0.15,1.0,150.0,0.0,0.0
settat,2021-12-05,12.02,19.34,7.62,1.0,84.34,3.15,11.75,11.72,0.2199313312671081,1.7570542156371791,12.67,51.250000000000014,11.142857142857142,-8.746581245974756,0.02,-0.4363729641045924,0.8997658785476209,20,0.3,33.0,-7.62,0.28,0.14,1.0,140.0,0.0,0.01851641614669366
marrakech,2021-12-06,11.32,21.37,5.75,0.01,45.59,2.21,14.51,15.62,0.7295832407533587,2.064086122275603,6.629999999999985,25.44,10.3,-34.91295659637299,0.01,-0.4208310085956556,0.9071390534005044,21,0.32125,31.63,-7.99,0.25,0.12,1.0,130.0,0.377758822480457,0.18805405405910208
meknes,2021-12-06,11.17,17.84,6.4,0.05,75.41,1.21,12.98,11.44,0.3264622293869437,1.6306882339796749,23.18000000000003,73.62,10.872857142857145,17.567237480378,0.8,-0.4208310085956556,0.9071390534005044,21,0.32125,33.89,-5.55,0.3,0.15,1.0,150.0,0.0,0.0
settat,2021-12-06,11.49,19.8,6.46,0.08,78.54,3.45,12.34,13.34,0.2910164101647721,1.834950498757961,12.49,51.33000000000001,11.182857142857143,-8.350243210328756,1.0,-0.4208310085956556,0.9071390534005044,21,0.32125,33.0,-7.62,0.28,0.14,1.0,140.0,0.0,0.015089311237602456
marrakech,2021-12-07,11.26,20.63,5.53,0.0,43.91,2.08,13.58,15.099999999999998,0.7491236452132104,2.01915463581075,6.629999999999985,25.44,10.287142857142856,-34.59357489513886,0.01,-0.4051645224207563,0.9142437912130223,22,0.3424999999999999,31.63,-7.99,0.25,0.12,1.0,130.0,0.3767818681297319,0.16378296711251294
meknes,2021-12-07,11.15,19.92,5.29,0.01,61.94,2.13,13.37,14.630000000000004,0.504622458346139,1.836674578644186,22.730000000000032,73.63,10.59142857142857,18.057128232661952,0.05,-0.4051645224207563,0.9142437912130223,22,0.3424999999999999,33.89,-5.55,0.3,0.15,1.0,150.0,0.0,0.0
settat,2021-12-07,10.95,19.82,5.38,0.01,70.44,1.66,12.78,14.44,0.3867505036030932,1.8679127732131051,11.91,51.34000000000002,10.912857142857144,-7.899408419527754,0.08,-0.4051645224207563,0.9142437912130223,22,0.3424999999999999,33.0,-7.62,0.28,0.14,1.0,140.0,0.0,0.021293148698538628
marrakech,2021-12-08,10.16,16.53,6.6,0.01,54.22,1.62,14.25,9.93,0.5682170745097831,1.5710053944553823,6.6399999999999855,25.45,10.221428571428572,-33.7752241682619,0.0,-0.3893781415452015,0.9210779895789526,23,0.36375,31.63,-7.99,0.25,0.12,1.0,130.0,0.4051620513507611,0.15845768117873585
meknes,2021-12-08,11.21,17.08,7.26,1.62,79.44,3.31,12.02,9.82,0.2736846813330362,1.5032004171727975,24.250000000000032,75.25,10.637142857142855,20.363244885327447,0.01,-0.3893781415452015,0.9210779895789526,23,0.36375,33.89,-5.55,0.3,0.15,1.0,150.0,0.0,0.0
settat,2021-12-08,12.06,18.25,7.14,0.3,83.73,2.14,10.21,11.11,0.2291015444289146,1.6966265247419678,12.08,51.640000000000015,11.012857142857143,-6.957878237175584,0.01,-0.3893781415452015,0.9210779895789526,23,0.36375,33.0,-7.62,0.28,0.14,1.0,140.0,0.0,0.0162410634884685
marrakech,2021-12-09,11.33,20.23,6.02,0.01,67.31,2.99,14.32,14.21,0.4386306470957561,1.952881510444635,0.0799999999999849,25.46,10.565714285714288,-33.26617686668535,0.01,-0.3734765374130707,0.9276396261490468,24,0.385,31.63,-7.99,0.25,0.12,1.0,130.0,0.4179767442143132,0.06197754991879739
meknes,2021-12-09,11.11,17.4,7.61,0.04,80.1,1.35,11.8,9.79,0.2631463462851007,1.4914410841173171,2.590000000000032,75.29,10.762857142857142,21.23147424920741,1.62,-0.3734765374130707,0.9276396261490468,24,0.385,33.89,-5.55,0.3,0.15,1.0,150.0,0.0,0.0
settat,2021-12-09,12.13,18.74,8.17,0.01,78.55,4.22,11.13,10.57,0.3034386058072812,1.654190299517887,1.48,51.65000000000001,11.285714285714286,-6.1712925257437385,0.3,-0.3734765374130707,0.9276396261490468,24,0.385,33.0,-7.62,0.28,0.14,1.0,140.0,0.0,0.01741853282363623
marrakech,2021-12-10,11.01,19.77,6.47,0.0,57.04,1.84,14.15,13.3,0.5643169653710671,1.864117231318136,0.0399999999999849,25.46,10.895714285714286,-32.632684201531106,0.01,-0.3574644155648614,0.9339267592294762,25,0.40625,31.63,-7.99,0.25,0.12,1.0,130.0,0.4411016567083623,0.1072806075126735
meknes,2021-12-10,10.97,17.7,6.37,0.06,84.28,1.11,10.73,11.329999999999998,0.2059475128830548,1.5924924946182564,2.620000000000032,75.33,11.01,22.00154794214353,0.04,-0.3574644155648614,0.9339267592294762,25,0.40625,33.89,-5.55,0.3,0.15,1.0,150.0,0.0,0.0
settat,2021-12-10,11.23,18.98,5.92,0.05,82.61,3.45,8.03,13.06,0.2317945952706055,1.7789370075721234,1.47,51.69000000000002,11.46714285714286,-5.282074288388969,0.01,-0.3574644155648614,0.9339267592294762,25,0.40625,33.0,-7.62,0.28,0.14,1.0,140.0,0.0,0.0075873533485703816
marrakech,2021-12-11,11.9,21.32,6.17,0.0,55.61,1.91,14.1,15.15,0.6185045927542036,2.0465721879854404,0.0399999999999849,25.46,11.111428571428572,-32.3342041820886,0.0,-0.3413465142450361,0.9399375283564132,26,0.4275,31.63,-7.99,0.25,0.12,1.0,130.0,0.4659689424332541,0.07876224878576757
meknes,2021-12-11,13.21,19.48,9.43,0.16,80.49,1.22,12.42,10.05,0.2962535088038192,1.612750532430205,2.740000000000032,75.48,11.442857142857145,22.82917619208288,0.06,-0.3413465142450361,0.9399375283564132,26,0.4275,33.89,-5.55,0.3,0.15,1.0,150.0,0.0,0.0
settat,2021-12-11,12.25,20.0,7.31,0.06,83.46,3.27,11.91,12.69,0.2358360918523372,1.8109979158613527,1.51,51.73000000000002,11.732857142857144,-4.486466919304662,0.05,-0.3413465142450361,0.9399375283564132,26,0.4275,33.0,-7.62,0.28,0.14,1.0,140.0,0.0,0.016220213366708616
marrakech,2021-12-12,13.88,23.41,7.32,0.0,44.24,1.61,13.73,16.09,0.8844642860056845,2.2453448616212826,0.0299999999999849,25.46,11.551428571428572,-32.23844028969178,0.0,-0.3251276029999093,0.9456701548465688,27,0.44875,31.63,-7.99,0.25,0.12,1.0,130.0,0.4694869019113072,0.1868507952188885
meknes,2021-12-12,15.21,24.64,9.27,0.0,58.28,1.8,12.85,15.37,0.7211466980912481,2.118506112426642,1.940000000000032,75.45,12.004285714285714,22.86158155915333,0.16,-0.3251276029999093,0.9456701548465688,27,0.44875,33.89,-5.55,0.3,0.15,1.0,150.0,0.0,0.0
settat,2021-12-12,13.98,24.12,7.47,0.0,71.25,1.8,12.31,16.650000000000002,0.4590027316203889,2.189301169460144,0.51,51.63000000000002,12.012857142857143,-4.478446890757732,0.06,-0.3251276029999093,0.9456701548465688,27,0.44875,33.0,-7.62,0.28,0.14,1.0,140.0,0.0163427401438269,0.10175516877317387
marrakech,2021-12-13,12.25,20.19,7.38,0.04,58.86,1.35,8.95,12.810000000000002,0.5865959382590777,1.8971023689590627,0.0599999999999849,25.5,11.684285714285712,-31.581614880255756,0.0,-0.3088124812662537,0.9511229423235356,28,0.47,31.63,-7.99,0.25,0.12,1.0,130.0,0.4814839569029676,0.08804233186401299
meknes,2021-12-13,14.41,22.4,9.67,0.0,62.44,1.42,12.63,12.73,0.6165992314024366,1.8776867307373517,1.890000000000032,75.45,12.46714285714286,23.62228128853258,0.0,-0.3088124812662537,0.9511229423235356,28,0.47,33.89,-5.55,0.3,0.15,1.0,150.0,0.0,0.0
settat,2021-12-13,13.73,23.03,7.72,0.0,66.61,1.74,11.51,15.310000000000002,0.5244932640424241,2.0790263705220458,0.43,51.56000000000002,12.332857142857142,-4.171728111247703,0.0,-0.3088124812662537,0.9511229423235356,28,0.47,33.0,-7.62,0.28,0.14,1.0,140.0,0.0285658928590052,0.048343493419057894
marrakech,2021-12-14,11.68,18.49,6.44,0.01,56.92,1.62,11.41,12.049999999999995,0.5915925228177464,1.802360750365147,0.0699999999999849,25.51,11.744285714285716,-31.007492703488616,0.04,-0.2924059769510773,0.956294277219772,29,0.4912499999999999,31.63,-7.99,0.25,0.12,1.0,130.0,0.4847918202126465,0.0910262411374372
meknes,2021-12-14,12.56,19.21,8.28,0.1,71.76,1.29,11.04,10.93,0.4109492605868718,1.6372236569819991,1.980000000000032,75.54,12.668571428571427,24.568725171481475,0.0,-0.2924059769510773,0.956294277219772,29,0.4912499999999999,33.89,-5.55,0.3,0.15,1.0,150.0,0.0,0.0004258072372184736
settat,2021-12-14,13.65,20.91,8.84,0.0,63.86,1.72,10.35,12.07,0.5647437325011715,1.8383560624996784,0.42,51.50000000000002,12.718571428571428,-3.5688748362628493,0.0,-0.2924059769510773,0.956294277219772,29,0.4912499999999999,33.0,-7.62,0.28,0.14,1.0,140.0,0.0665459733530154,0.041660191600373285
marrakech,2021-12-15,11.07,16.33,7.33,0.01,55.29,1.9,7.01,8.999999999999998,0.589651005053325,1.5234759247067988,0.0699999999999849,25.52,11.874285714285715,-30.12204603802932,0.01,-0.2759129450029604,0.9611826292540836,30,0.5125,31.63,-7.99,0.25,0.12,1.0,130.0,0.5068910970985704,0.11470693812208657
meknes,2021-12-15,13.34,22.29,7.68,0.0,55.23,2.08,12.16,14.61,0.6856119340641396,1.9387671395243569,0.3600000000000319,75.47,12.972857142857142,24.741548110413053,0.1,-0.2759129450029604,0.9611826292540836,30,0.5125,33.89,-5.55,0.3,0.15,1.0,150.0,0.0,0.0
settat,2021-12-15,13.89,21.94,8.19,0.02,60.38,1.72,10.0,13.750000000000002,0.6288601815883278,1.974420282354772,0.14,51.490000000000016,12.98,-3.2057556600530503,0.0,-0.2759129450029604,0.9611826292540836,30,0.5125,33.0,-7.62,0.28,0.14,1.0,140.0,0.0522906618401578,0.04023106696090845
marrakech,2021-12-16,10.71,18.26,6.54,0.0,48.93,1.57,12.88,11.720000000000002,0.6575888332714771,1.7150385252408198,0.0599999999999849,25.52,11.785714285714286,-29.56580022232063,0.01,-0.2593382659754056,0.9657865518844574,31,0.53375,31.63,-7.99,0.25,0.12,1.0,130.0,0.5271579380324503,0.0686588398410338
meknes,2021-12-16,12.96,18.35,9.57,0.08,66.95,1.79,8.12,8.780000000000001,0.4937195449047754,1.4828929873031438,0.400000000000032,75.47,13.237142857142858,25.382334692729973,0.0,-0.2593382659754056,0.9657865518844574,31,0.53375,33.89,-5.55,0.3,0.15,1.0,150.0,0.0,0.0021013364849768066
settat,2021-12-16,13.32,17.76,9.98,0.11,81.3,0.9,7.48,7.780000000000001,0.2860001099877046,1.456835412069721,0.24,51.55000000000002,13.15,-2.2577788526383413,0.02,-0.2593382659754056,0.9657865518844574,31,0.53375,33.0,-7.62,0.28,0.14,1.0,140.0,0.1121824521695985,0.022950423281446006
marrakech,2021-12-17,10.86,18.86,5.5,0.0,43.56,2.01,13.42,13.36,0.7340291861247658,1.8392321446806348,0.0599999999999849,25.51,11.764285714285716,-29.258247942254187,0.0,-0.2426868445825954,0.9701046827361176,32,0.5549999999999999,31.63,-7.99,0.25,0.12,1.0,130.0,0.5616889661030436,0.08864583410723827
meknes,2021-12-17,12.75,20.81,7.51,0.08,58.24,1.64,12.27,13.3,0.6153136957509137,1.8109924789524208,0.420000000000032,75.5,13.491428571428573,25.776419726953517,0.08,-0.2426868445825954,0.9701046827361176,32,0.5549999999999999,33.89,-5.55,0.3,0.15,1.0,150.0,0.0,0.0028268994402032154
settat,2021-12-17,12.35,20.96,6.53,0.06,59.34,1.61,11.56,14.43,0.5835780842488604,1.9205324327819115,0.25,51.58000000000002,13.31,-2.137546479680429,0.11,-0.2426868445825954,0.9701046827361176,32,0.5549999999999999,33.0,-7.62,0.28,0.14,1.0,140.0,0.1577087326213453,0.020037101421262204
marrakech,2021-12-18,13.72,23.34,5.95,0.0,43.67,2.45,13.5,17.39,0.8842616655853223,2.3064115121598348,0.0599999999999849,24.79,12.024285714285714,-29.75452567074143,0.0,-0.225963608248019,0.974135744004672,33,0.5762499999999999,31.63,-7.99,0.25,0.12,1.0,130.0,0.5644013315567387,0.17793686338715434
meknes,2021-12-18,13.79,23.16,7.53,0.0,47.96,1.3,12.7,15.63,0.8206443937117693,2.028718003498202,0.260000000000032,75.5,13.574285714285711,26.297879284184283,0.08,-0.225963608248019,0.974135744004672,33,0.5762499999999999,33.89,-5.55,0.3,0.15,1.0,150.0,0.0,0.0
settat,2021-12-18,13.56,23.39,6.78,0.0,44.36,1.77,12.32,16.61,0.8643824038410604,2.1418424004431644,0.19,51.57000000000002,13.497142857142858,-1.646969412173898,0.06,-0.225963608248019,0.974135744004672,33,0.5762499999999999,33.0,-7.62,0.28,0.14,1.0,140.0,0.1693738525220568,0.11865258059908597
marrakech,2021-12-19,15.56,22.8,11.05,0.17,60.67,4.13,8.06,11.75,0.6952796749521492,2.005806941407205,0.2299999999999849,16.870000000000005,12.264285714285716,-37.8712782248944,0.0,-0.2091735056463563,0.9778785428342386,34,0.5974999999999999,31.63,-7.99,0.25,0.12,1.0,130.0,0.5813083868372417,0.27183548120292655
meknes,2021-12-19,14.41,21.25,10.15,1.82,66.0,2.65,10.67,11.1,0.5581569187348999,1.7424794088361204,2.080000000000032,69.54,13.46,20.90024031099681,0.0,-0.2091735056463563,0.9778785428342386,34,0.5974999999999999,33.89,-5.55,0.3,0.15,1.0,150.0,0.0,0.0
settat,2021-12-19,15.79,23.38,11.76,0.1,67.39,3.77,10.39,11.62,0.5850364909063732,1.9180986279612364,0.29,49.83000000000002,13.755714285714284,-3.1998179594032514,0.0,-0.2091735056463563,0.9778785428342386,34,0.5974999999999999,33.0,-7.62,0.28,0.14,1.0,140.0,0.2119023265734687,0.013277738194916965
marrakech,2021-12-20,15.29,22.97,10.54,0.05,59.37,3.13,12.2,12.43,0.7059249467137311,2.0460664663969945,0.2399999999999849,16.740000000000002,12.698571428571428,-38.03131650080377,0.17,-0.1923215052390948,0.9813319716704276,35,0.6187499999999999,31.63,-7.99,0.25,0.12,1.0,130.0,0.5416356309083407,0.3346166771463222
meknes,2021-12-20,16.23,23.86,11.26,0.21,65.32,1.56,11.35,12.6,0.639905469416779,1.9610816594532088,2.290000000000032,68.42,13.72,19.663474518333253,1.82,-0.1923215052390948,0.9813319716704276,35,0.6187499999999999,33.89,-5.55,0.3,0.15,1.0,150.0,0.0,0.003010872169383091
settat,2021-12-20,16.95,24.85,11.57,0.05,65.19,2.63,10.61,13.28,0.6723892557918563,2.12104021582032,0.34,49.73000000000002,14.215714285714286,-3.4750687539183898,0.1,-0.1923215052390948,0.9813319716704276,35,0.6187499999999999,33.0,-7.62,0.28,0.14,1.0,140.0,0.1443137419716356,0.0839326083446291
marrakech,2021-12-21,13.7,20.03,11.04,1.95,61.35,3.46,9.24,8.990000000000002,0.6059343581984635,1.6566129272553507,2.1799999999999846,18.69,12.987142857142857,-35.66064183545346,0.05,-0.1754125938042784,0.9844950085880858,36,0.6399999999999999,31.63,-7.99,0.25,0.12,1.0,130.0,0.5101864761411563,0.23031722817713118
meknes,2021-12-21,16.19,24.38,11.87,1.87,67.41,2.05,9.6,12.51,0.5998094967749439,1.9519628333961767,4.0600000000000325,70.10000000000001,14.238571428571428,21.217007428859567,0.21,-0.1754125938042784,0.9844950085880858,36,0.6399999999999999,33.89,-5.55,0.3,0.15,1.0,150.0,0.0,0.0
settat,2021-12-21,16.53,22.69,13.63,3.57,64.09,4.32,7.38,9.06,0.6753815328437298,1.7309168898367728,3.91,53.26000000000002,14.627142857142855,0.2943723699824632,0.05,-0.1754125938042784,0.9844950085880858,36,0.6399999999999999,33.0,-7.62,0.28,0.14,1.0,140.0,0.0963087771671965,0.0
marrakech,2021-12-22,14.59,20.22,10.71,2.54,64.65,2.3,7.09,9.509999999999998,0.5871102371111928,1.7525687757153083,4.709999999999985,20.680000000000003,13.49,-33.61788384298554,1.95,-0.1584517749608363,0.9873667175937016,37,0.6612499999999999,31.63,-7.99,0.25,0.12,1.0,130.0,0.54066574821833,0.1651655020666972
meknes,2021-12-22,15.06,19.91,12.51,6.39,77.63,2.45,3.39,7.4,0.3829620698068016,1.4518730790434176,10.450000000000031,74.77000000000001,14.484285714285717,26.202395903278717,1.87,-0.1584517749608363,0.9873667175937016,37,0.6612499999999999,33.89,-5.55,0.3,0.15,1.0,150.0,0.0,0.0
settat,2021-12-22,15.16,19.54,12.04,2.95,72.69,2.33,2.85,7.5,0.4705492211480631,1.51253509492239,6.84,55.91000000000002,14.808571428571428,3.369770882727073,3.57,-0.1584517749608363,0.9873667175937016,37,0.6612499999999999,33.0,-7.62,0.28,0.14,1.0,140.0,0.1476215697944723,0.00313075591946816
marrakech,2021-12-23,14.12,21.69,8.74,0.0,56.12,1.71,12.37,12.95,0.7069490424492787,2.016576519499093,4.709999999999985,17.55,13.977142857142857,-37.02311874358689,2.54,-0.141444067687942,0.989946248902378,38,0.6824999999999999,31.63,-7.99,0.25,0.12,1.0,130.0,0.5555405590823651,0.3894424306457927
meknes,2021-12-23,14.94,20.6,11.33,1.86,81.52,1.79,10.33,9.27,0.3139326769279267,1.620046174051637,12.23000000000003,63.16,14.767142857142858,14.269476520313887,6.39,-0.141444067687942,0.989946248902378,38,0.6824999999999999,33.89,-5.55,0.3,0.15,1.0,150.0,0.0,0.0012003899271579293
settat,2021-12-23,15.01,21.66,10.97,0.1,80.16,1.73,9.6,10.69,0.3385585799931182,1.7986139171228923,6.829999999999999,35.94000000000001,15.05,-17.034282267185326,2.95,-0.141444067687942,0.989946248902378,38,0.6824999999999999,33.0,-7.62,0.28,0.14,1.0,140.0,0.15962511166719,0.06358785417059462
marrakech,2021-12-24,13.93,21.59,9.05,0.1,51.01,2.57,11.51,12.54,0.7796060462298965,1.9741424612226088,4.8099999999999845,15.910000000000002,14.415714285714284,-39.13787651710878,0.0,-0.1243945048397999,0.9922328391893008,39,0.7037499999999999,31.63,-7.99,0.25,0.12,1.0,130.0,0.3954758085019083,0.35801857851188545
meknes,2021-12-24,13.94,19.66,10.82,1.27,68.52,2.3,9.48,8.84,0.5012847123119657,1.5350247379096278,13.420000000000032,60.77,14.937142857142858,11.66275521300376,1.86,-0.1243945048397999,0.9922328391893008,39,0.7037499999999999,33.89,-5.55,0.3,0.15,1.0,150.0,0.0,0.0084692902420231
settat,2021-12-24,13.88,20.35,10.08,0.5,72.8,2.26,8.38,10.27,0.4314459931735047,1.7036257296458353,7.27,35.72000000000001,15.268571428571429,-17.32645500033193,0.1,-0.1243945048397999,0.9922328391893008,39,0.7037499999999999,33.0,-7.62,0.28,0.14,1.0,140.0,0.0,0.08456866797319845
marrakech,2021-12-25,12.85,18.01,10.14,7.65,67.44,2.87,5.36,7.870000000000001,0.4829096813649485,1.512235779405666,12.459999999999985,23.250000000000004,14.29142857142857,-31.722796693180875,0.1,-0.1073081316563624,0.994225811815616,40,0.7249999999999999,31.63,-7.99,0.25,0.12,1.0,130.0,0.3753182775007627,0.11393444778335127
meknes,2021-12-25,13.96,17.19,12.09,7.33,79.76,4.94,4.62,5.100000000000001,0.3227187002999962,1.1679677825904815,20.750000000000032,65.36,14.961428571428572,16.434335583826847,1.27,-0.1073081316563624,0.994225811815616,40,0.7249999999999999,33.89,-5.55,0.3,0.15,1.0,150.0,0.0,0.0
settat,2021-12-25,14.38,17.44,12.27,10.02,87.73,4.58,4.44,5.170000000000002,0.2010384446265592,1.2291400518169124,17.29,44.48000000000002,15.385714285714286,-8.157758586373385,0.5,-0.1073081316563624,0.994225811815616,40,0.7249999999999999,33.0,-7.62,0.28,0.14,1.0,140.0,0.0,0.049703438033991076
marrakech,2021-12-26,13.39,18.47,10.53,2.13,81.7,1.29,11.38,7.939999999999999,0.2811633243225137,1.547633689683344,14.419999999999984,22.980000000000004,13.98142857142857,-32.33088510711463,7.65,-0.0901900042703451,0.99592457702866,41,0.7462499999999999,31.63,-7.99,0.25,0.12,1.0,130.0,0.4270600718974839,0.2188350657727771
meknes,2021-12-26,14.45,19.62,11.51,0.86,85.9,3.02,11.12,8.110000000000001,0.2320705255312823,1.497605338601459,19.79000000000003,53.14,14.967142857142855,3.977822518163456,7.33,-0.0901900042703451,0.99592457702866,41,0.7462499999999999,33.89,-5.55,0.3,0.15,1.0,150.0,0.0,0.0013624561552775763
settat,2021-12-26,15.6,20.99,12.56,1.58,86.56,2.27,8.81,8.429999999999998,0.2382035001930145,1.631178331836153,18.77,36.670000000000016,15.358571428571429,-16.16179445384332,10.02,-0.0901900042703451,0.99592457702866,41,0.7462499999999999,33.0,-7.62,0.28,0.14,1.0,140.0,0.0569364345601479,0.04395644200185513
marrakech,2021-12-27,14.78,22.48,10.53,0.02,67.31,1.52,12.71,11.95,0.5496305697552715,1.986171741304006,14.389999999999985,22.320000000000004,13.90857142857143,-33.682080020821104,2.13,-0.0730451882110474,0.9973286321364752,42,0.7674999999999998,31.63,-7.99,0.25,0.12,1.0,130.0,0.4686990044606852,0.24122186172876117
meknes,2021-12-27,15.05,21.37,11.55,0.33,85.87,1.89,12.01,9.82,0.2417421941317549,1.68131346237921,19.91000000000003,49.7,14.79857142857143,0.2435952898495883,0.86,-0.0730451882110474,0.9973286321364752,42,0.7674999999999998,33.89,-5.55,0.3,0.15,1.0,150.0,0.0,0.002817148286471729
settat,2021-12-27,16.09,23.41,11.71,0.2,84.01,1.34,6.61,11.7,0.2924196280197827,1.952904959619632,18.92,33.31000000000002,15.235714285714286,-20.03459750823041,1.58,-0.0730451882110474,0.9973286321364752,42,0.7674999999999998,33.0,-7.62,0.28,0.14,1.0,140.0,0.1009834938570014,0.0720069579162754
marrakech,2021-12-28,15.78,24.98,10.52,0.01,57.48,1.32,13.31,14.46,0.7623379546336043,2.255711285919804,12.449999999999983,21.330000000000005,14.205714285714285,-35.32133130060452,0.02,-0.0558787569053731,0.9984375616565666,43,0.7887499999999998,31.63,-7.99,0.25,0.12,1.0,130.0,0.5000816308266358,0.3598042562810312
meknes,2021-12-28,15.12,21.84,11.01,0.11,84.52,1.06,12.14,10.83,0.2660340023676259,1.7727179039978462,18.150000000000038,48.86,14.645714285714288,-0.8642451446937804,0.33,-0.0558787569053731,0.9984375616565666,43,0.7887499999999998,33.89,-5.55,0.3,0.15,1.0,150.0,0.0,0.05708343086737775
settat,2021-12-28,16.17,24.22,11.54,0.19,81.49,2.77,8.72,12.68,0.3402368796263826,2.0415066610881647,15.54,32.63000000000002,15.184285714285716,-21.223358075382396,0.2,-0.0558787569053731,0.9984375616565666,43,0.7887499999999998,33.0,-7.62,0.28,0.14,1.0,140.0,0.16380256887799,0.08227502730582996
marrakech,2021-12-29,16.35,25.47,10.4,0.0,45.12,1.64,13.65,15.07,1.0204036617401828,2.346388203553828,9.909999999999986,21.330000000000005,14.457142857142856,-35.75397245333303,0.01,-0.0386957901765268,0.999251037438848,44,0.81,31.63,-7.99,0.25,0.12,1.0,130.0,0.5278040035733762,0.5212108512043832
meknes,2021-12-29,15.27,23.88,9.94,0.01,67.62,1.13,13.04,13.94,0.5618631988715086,2.0246314990269023,11.770000000000032,47.39,14.675714285714289,-2.828168446751764,0.11,-0.0386957901765268,0.999251037438848,44,0.81,33.89,-5.55,0.3,0.15,1.0,150.0,0.0,0.058918091355483024
settat,2021-12-29,15.96,26.2,9.88,0.09,68.2,1.89,11.19,16.32,0.5767395156731175,2.3064283351135533,12.68,32.46000000000002,15.29857142857143,-21.937657690567114,0.19,-0.0386957901765268,0.999251037438848,44,0.81,33.0,-7.62,0.28,0.14,1.0,140.0,0.2128070205571619,0.13816917552735128
marrakech,2021-12-30,15.75,25.43,9.41,0.0,42.58,1.63,13.81,16.02,1.0275045017330164,2.3818054285246197,9.909999999999986,21.330000000000005,14.69,-36.106438675340826,0.0,-0.0215013727408137,0.999768818762748,45,0.8312499999999998,31.63,-7.99,0.25,0.12,1.0,130.0,0.5629406856066306,0.5219806474927396
meknes,2021-12-30,16.5,26.53,10.25,0.0,50.47,1.82,13.05,16.28,0.9297651906280155,2.2746911550955478,9.910000000000032,46.93,14.898571428571428,-3.812869151409256,0.01,-0.0215013727408137,0.999768818762748,45,0.8312499999999998,33.89,-5.55,0.3,0.15,1.0,150.0,0.0,0.14874103938171088
settat,2021-12-30,16.94,27.19,10.49,0.0,51.48,1.86,12.6,16.700000000000003,0.9366173402697442,2.40629695310441,12.58,31.87000000000001,15.574285714285717,-23.134584090410605,0.09,-0.0215013727408137,0.999768818762748,45,0.8312499999999998,33.0,-7.62,0.28,0.14,1.0,140.0,0.2542148886244513,0.19040535231979835
marrakech,2021-12-31,16.69,26.72,9.06,0.0,32.79,1.72,14.0,17.659999999999997,1.276981915838578,2.5768918080857315,9.809999999999985,21.330000000000005,15.084285714285716,-36.74897979238493,0.0,-0.0043005927029819,0.9999907524084426,46,0.8525,31.63,-7.99,0.25,0.12,1.0,130.0,0.5741692147637737,0.5696793725263051
meknes,2021-12-31,18.0,28.32,12.41,0.0,47.32,1.6,12.82,15.91,1.0873095119615437,2.3531237581728432,8.64000000000003,46.83,15.478571428571428,-4.63583336528727,0.0,-0.0043005927029819,0.9999907524084426,46,0.8525,33.89,-5.55,0.3,0.15,1.0,150.0,0.0,0.1478722553754579
settat,2021-12-31,17.21,28.17,11.49,0.0,47.82,1.9,12.75,16.68,1.0246417933525382,2.4296063812718414,12.08,31.740000000000016,16.05,-23.889351302167483,0.0,-0.0043005927029819,0.9999907524084426,46,0.8525,33.0,-7.62,0.28,0.14,1.0,140.0,0.2862215793616367,0.18643568484889095
marrakech,2022-01-01,16.02,25.6,10.99,0.0,32.43,1.74,14.24,14.61,1.2301867056580316,2.3042289745158087,2.1599999999999846,14.760000000000002,15.537142857142856,-44.18390088246463,0.0,0.0172015754182605,0.9998520419557736,47,0.8737499999999998,31.63,-7.99,0.25,0.12,1.0,130.0,0.5861025434987113,0.6784045130947974
meknes,2022-01-01,17.02,25.89,12.21,0.0,44.42,1.25,13.23,13.68,1.078355751682471,2.128274591262393,1.310000000000032,25.13,15.915714285714284,-27.32798589474858,0.0,0.0172015754182605,0.9998520419557736,47,0.8737499999999998,33.89,-5.55,0.3,0.15,1.0,150.0,0.0,0.39757426844071964
settat,2022-01-01,16.76,27.52,11.47,0.01,43.98,1.52,12.87,16.049999999999997,1.0691156257189456,2.359073301272646,2.0700000000000003,21.14000000000002,16.39,-35.548484117278775,0.0,0.0172015754182605,0.9998520419557736,47,0.8737499999999998,33.0,-7.62,0.28,0.14,1.0,140.0,0.308842234415195,0.4577198065419048
marrakech,2022-01-02,14.91,23.51,10.68,0.0,35.44,1.65,14.12,12.830000000000002,1.0946083934199875,2.0942720289181254,0.0299999999999849,14.720000000000002,15.754285714285714,-44.43136512770531,0.0,0.034398060613608,0.9994082116062598,48,0.895,31.63,-7.99,0.25,0.12,1.0,130.0,0.6180603591132503,0.5672657726341417
meknes,2022-01-02,14.78,23.95,9.25,0.01,49.48,1.28,13.06,14.7,0.8494137774253999,2.070604608000735,0.460000000000032,25.11,15.962857142857144,-27.803009634752648,0.0,0.034398060613608,0.9994082116062598,48,0.895,33.89,-5.55,0.3,0.15,1.0,150.0,0.0,0.2667317609583109
settat,2022-01-02,14.76,24.5,8.88,0.01,56.08,1.69,11.77,15.62,0.7374932776926513,2.199065006890789,0.5,21.09000000000002,16.27,-36.096308999698365,0.01,0.034398060613608,0.9994082116062598,48,0.895,33.0,-7.62,0.28,0.14,1.0,140.0,0.3469614215341119,0.38993116128175287
marrakech,2022-01-03,14.06,23.86,7.38,0.0,38.62,1.69,14.49,16.48,0.9850507313366124,2.318823516777829,0.0099999999999849,14.720000000000002,15.651428571428571,-44.90036548221572,0.0,0.0515843668694083,0.9986686402879996,49,0.9162499999999998,31.63,-7.99,0.25,0.12,1.0,130.0,0.6273479572938658,0.6568199565844809
meknes,2022-01-03,14.05,22.83,8.99,0.0,51.68,1.45,13.27,13.839999999999998,0.7749557967779598,1.9705956455327696,0.1300000000000319,25.07,15.82,-28.161140060993727,0.01,0.0515843668694083,0.9986686402879996,49,0.9162499999999998,33.89,-5.55,0.3,0.15,1.0,150.0,0.0,0.2520591989998445
settat,2022-01-03,13.91,25.09,7.76,0.06,54.21,1.42,11.32,17.33,0.7277368738007801,2.2630227809778365,0.36,21.13000000000002,15.95857142857143,-36.4740366037344,0.01,0.0515843668694083,0.9986686402879996,49,0.9162499999999998,33.0,-7.62,0.28,0.14,1.0,140.0,0.3314189810399212,0.3906750211358398
marrakech,2022-01-04,11.95,21.74,6.7,0.01,49.55,2.41,13.23,15.04,0.7052639317756083,2.0751467440179607,0.0099999999999849,14.72,15.104285714285714,-44.97786646222682,0.0,0.0687554084811394,0.9976335468520452,50,0.9375,31.63,-7.99,0.25,0.12,1.0,130.0,0.6239356279661434,0.44597552930583895
meknes,2022-01-04,12.97,20.65,7.93,2.67,62.16,3.25,12.3,12.72,0.5656452587917733,1.8315688838575304,2.690000000000032,26.94,15.512857142857143,-26.657596971594447,0.0,0.0687554084811394,0.9976335468520452,50,0.9375,33.89,-5.55,0.3,0.15,1.0,150.0,0.0,0.2205741044995801
settat,2022-01-04,12.39,20.13,7.06,0.97,64.73,2.7,10.65,13.07,0.5075503748407859,1.877458866961254,1.14,21.100000000000016,15.418571428571427,-36.62444125505847,0.06,0.0687554084811394,0.9976335468520452,50,0.9375,33.0,-7.62,0.28,0.14,1.0,140.0,0.3332323718889793,0.34698845476823237
marrakech,2022-01-05,9.28,16.26,5.09,0.02,67.59,2.24,14.47,11.170000000000002,0.3791834678732442,1.6334163368004109,0.0299999999999849,14.730000000000002,14.094285714285714,-44.53719667675162,0.01,0.0859061042613327,0.9963032375991964,51,0.9587499999999998,31.63,-7.99,0.25,0.12,1.0,130.0,0.6415745889631699,0.39924268500076565
meknes,2022-01-05,10.45,15.56,6.59,0.6,80.52,1.6,12.14,8.97,0.2465166811918501,1.4174150771938312,3.280000000000032,27.49,14.824285714285711,-25.894323814808605,2.67,0.0859061042613327,0.9963032375991964,51,0.9587499999999998,33.89,-5.55,0.3,0.15,1.0,150.0,0.0,0.2781203795777672
settat,2022-01-05,11.31,17.15,6.89,0.22,80.93,2.36,12.43,10.259999999999998,0.2555399848127306,1.6097406892128718,1.2699999999999998,21.24000000000002,14.754285714285714,-36.259231445513386,0.97,0.0859061042613327,0.9963032375991964,51,0.9587499999999998,33.0,-7.62,0.28,0.14,1.0,140.0,0.3026762489766252,0.3224580119447093
marrakech,2022-01-06,8.99,16.19,4.51,0.0,67.65,1.85,13.99,11.68,0.3711467393815534,1.6583918764268497,0.0299999999999849,14.730000000000002,13.128571428571428,-44.17643391736773,0.02,0.1030313790431787,0.9946781061893646,52,0.98,31.63,-7.99,0.25,0.12,1.0,130.0,0.6722131442931039,0.401992084692255
meknes,2022-01-06,9.53,13.12,7.29,2.78,85.99,2.57,6.1,5.829999999999999,0.1666937022657957,1.1098973314976186,6.0600000000000325,30.26,13.828571428571427,-22.39754656766204,0.6,0.1030313790431787,0.9946781061893646,52,0.98,33.89,-5.55,0.3,0.15,1.0,150.0,0.0,0.07926769999653753
settat,2022-01-06,9.41,13.5,6.38,1.26,90.07,1.63,6.7,7.12,0.117198761302748,1.2582643886805642,2.53,22.490000000000016,13.67857142857143,-34.39958306098084,0.22,0.1030313790431787,0.9946781061893646,52,0.98,33.0,-7.62,0.28,0.14,1.0,140.0,0.3770491995872783,0.30915769280378835
marrakech,2022-01-07,10.25,19.24,4.43,0.0,52.24,1.73,14.54,14.81,0.5963725874728295,1.9627315962275915,0.0299999999999849,14.720000000000002,12.208571428571428,-44.57816011913994,0.0,0.1201261651823505,0.9927586335250792,53,1.00125,31.63,-7.99,0.25,0.12,1.0,130.0,0.6945735620185073,0.3967428309017197
meknes,2022-01-07,9.7,16.82,5.43,0.01,77.57,1.26,13.44,11.39,0.2699436708596982,1.5675615373890062,6.070000000000032,28.65,12.642857142857142,-24.071907687878248,2.78,0.1201261651823505,0.9927586335250792,53,1.00125,33.89,-5.55,0.3,0.15,1.0,150.0,0.0577698981563279,0.10306570153926797
settat,2022-01-07,10.44,18.24,4.93,0.01,78.85,2.78,12.58,13.31,0.2674716481073699,1.7927163655472056,2.54,22.20000000000002,12.711428571428572,-34.785672901786086,1.26,0.1201261651823505,0.9927586335250792,53,1.00125,33.0,-7.62,0.28,0.14,1.0,140.0,0.4320182657904924,0.32530857577273403
marrakech,2022-01-08,11.92,20.75,5.94,0.0,44.58,1.97,14.76,14.81,0.7732099998665438,2.087943991776362,0.0299999999999849,14.710000000000004,11.622857142857145,-44.72322260047167,0.0,0.1371854040566005,0.9905453876091832,54,1.0225,31.63,-7.99,0.25,0.12,1.0,130.0,0.7133215040182261,0.3712821372451802
meknes,2022-01-08,11.41,21.99,4.3,0.0,49.3,1.64,14.12,17.689999999999998,0.6839031538266888,2.084200364384641,6.070000000000032,28.61,11.84142857142857,-24.704666968145567,0.01,0.1371854040566005,0.9905453876091832,54,1.0225,33.89,-5.55,0.3,0.15,1.0,150.0,0.065159225536911,0.1401916948957928
settat,2022-01-08,11.75,22.43,5.54,0.01,57.58,1.71,13.59,16.89,0.5852303462505734,2.122140348770572,2.54,22.200000000000017,11.995714285714286,-35.253622951038764,0.01,0.1371854040566005,0.9905453876091832,54,1.0225,33.0,-7.62,0.28,0.14,1.0,140.0,0.4619404865136381,0.35437690964112395
marrakech,2022-01-09,12.4,21.88,6.97,0.0,33.96,1.69,15.28,14.91,0.950968702379758,2.1377803497638634,0.0299999999999849,14.710000000000004,11.264285714285716,-44.99688571891739,0.0,0.1542040475626894,0.988039023376751,55,1.04375,31.63,-7.99,0.25,0.12,1.0,130.0,0.7300035865553995,0.5011949581243248
meknes,2022-01-09,11.1,19.56,6.29,0.0,53.04,1.42,14.2,13.27,0.6205601984760373,1.7942467303984255,6.0600000000000325,28.55,11.315714285714288,-24.96642120392574,0.0,0.1542040475626894,0.988039023376751,55,1.04375,33.89,-5.55,0.3,0.15,1.0,150.0,0.1104294285385467,0.11051029969912193
settat,2022-01-09,11.86,22.55,5.83,0.0,49.35,2.05,13.84,16.72,0.703867064184957,2.1287400604887923,2.53,22.150000000000016,11.581428571428573,-35.65342600395543,0.01,0.1542040475626894,0.988039023376751,55,1.04375,33.0,-7.62,0.28,0.14,1.0,140.0,0.4795691196340377,0.31482015868756247
marrakech,2022-01-10,12.51,21.61,6.51,0.04,26.56,1.34,12.13,15.1,1.0651982576251282,2.1686905899565354,0.0699999999999849,14.750000000000002,11.042857142857144,-45.07900412088849,0.0,0.1711770596101998,0.985240282501282,56,1.065,31.63,-7.99,0.25,0.12,1.0,130.0,0.7130231100803497,0.5119539799206767
meknes,2022-01-10,11.23,19.47,5.88,0.03,74.52,1.25,13.82,13.59,0.339627733610985,1.832734004091346,6.090000000000032,28.42,10.912857142857144,-25.31640467558688,0.0,0.1711770596101998,0.985240282501282,56,1.065,33.89,-5.55,0.3,0.15,1.0,150.0,0.1687905621603175,0.12333691059817944
settat,2022-01-10,11.16,20.25,4.95,0.06,60.47,2.88,11.17,15.3,0.5244606732595486,1.997537452918488,2.53,22.15000000000002,11.188571428571429,-35.839965541012575,0.0,0.1711770596101998,0.985240282501282,56,1.065,33.0,-7.62,0.28,0.14,1.0,140.0,0.4686076732411331,0.17528609199015416
marrakech,2022-01-11,11.22,17.86,7.46,0.85,49.93,0.96,11.76,10.4,0.666949811886398,1.731100896693761,0.9099999999999848,15.6,10.938571428571429,-43.71476015596097,0.04,0.1880994176117975,0.9821499931752292,57,1.08625,31.63,-7.99,0.25,0.12,1.0,130.0,0.7447043852530938,0.42210193762029646
meknes,2022-01-11,14.1,22.5,9.42,0.03,73.53,1.9,9.66,13.08,0.425904533849727,1.9857197616296096,3.450000000000032,28.45,11.074285714285711,-25.153618324789846,0.03,0.1880994176117975,0.9821499931752292,57,1.08625,33.89,-5.55,0.3,0.15,1.0,150.0,0.2139467769166463,0.13646194574292703
settat,2022-01-11,13.11,19.4,9.83,0.85,85.62,1.65,6.71,9.57,0.2169341223556742,1.6943641277364665,2.41,23.000000000000018,11.29142857142857,-34.495028499288885,0.06,0.1880994176117975,0.9821499931752292,57,1.08625,33.0,-7.62,0.28,0.14,1.0,140.0,0.5234507482356952,0.16346489513715307
marrakech,2022-01-12,11.85,21.53,4.87,0.18,40.05,1.75,14.65,16.66,0.832556424975992,2.2492254848341795,1.069999999999985,15.740000000000004,11.305714285714286,-43.92688327183608,0.85,0.2049661139694953,0.9787690698649216,58,1.1075,31.63,-7.99,0.25,0.12,1.0,130.0,0.7239753326488796,0.5802177655766207
meknes,2022-01-12,13.3,22.02,7.79,0.0,64.58,1.95,13.57,14.23,0.5410113539101244,2.029793176687861,2.850000000000032,28.45,11.48142857142857,-25.305724770740355,0.03,0.2049661139694953,0.9787690698649216,58,1.1075,33.89,-5.55,0.3,0.15,1.0,150.0,0.2538472031449467,0.11061289815410466
settat,2022-01-12,13.32,22.41,7.39,0.18,74.37,1.3,12.7,15.02,0.3919883860419715,2.1478762153474364,2.37,23.180000000000017,11.578571428571427,-34.38387834411428,0.85,0.2049661139694953,0.9787690698649216,58,1.1075,33.0,-7.62,0.28,0.14,1.0,140.0,0.5542221651532361,0.29700702908375926
marrakech,2022-01-13,12.32,20.61,6.32,1.89,53.55,1.77,14.1,14.29,0.6653658512435474,2.126570706904629,2.959999999999985,17.62,11.781428571428572,-42.37109322837557,0.18,0.2217721575564818,0.975098513039961,59,1.1287499999999997,31.63,-7.99,0.25,0.12,1.0,130.0,0.4623803753979978,0.5346583643194571
meknes,2022-01-13,13.07,21.9,7.49,0.0,61.46,1.42,13.52,14.409999999999998,0.5798893846265536,2.038476808266938,0.0700000000000319,28.35,11.987142857142857,-25.806977922025293,0.0,0.2217721575564818,0.975098513039961,59,1.1287499999999997,33.89,-5.55,0.3,0.15,1.0,150.0,0.2781621377299313,0.2706499471067517
settat,2022-01-13,13.22,22.82,6.87,0.0,59.95,1.85,13.02,15.95,0.60854451770257,2.217785260149588,1.1099999999999997,23.180000000000017,12.122857142857145,-34.76330754176419,0.18,0.2217721575564818,0.975098513039961,59,1.1287499999999997,33.0,-7.62,0.28,0.14,1.0,140.0,0.5706025875866128,0.38638018310552597
marrakech,2022-01-14,11.98,19.55,6.08,16.24,53.93,1.41,13.66,13.47,0.6453095190498236,2.051769901616102,19.19999999999998,33.85,12.028571428571428,-26.669387205284863,1.89,0.2385125751940764,0.9711394088771652,60,1.15,31.63,-7.99,0.25,0.12,1.0,130.0,0.4876694017094971,0.1737351063468874
meknes,2022-01-14,12.93,20.8,8.08,0.0,57.7,1.83,13.35,12.72,0.6306618860613113,1.917219878712766,0.0600000000000319,28.35,12.448571428571428,-25.785430661213702,0.0,0.2385125751940764,0.9711394088771652,60,1.15,33.89,-5.55,0.3,0.15,1.0,150.0,0.3156351580524169,0.37831138117289903
settat,2022-01-14,14.12,22.23,9.16,0.0,50.71,1.54,13.1,13.07,0.7941093505543514,2.077008716836606,1.0999999999999996,23.160000000000014,12.648571428571428,-34.885895976246026,0.0,0.2385125751940764,0.9711394088771652,60,1.15,33.0,-7.62,0.28,0.14,1.0,140.0,0.5920859048472074,0.4592590409041346
marrakech,2022-01-15,11.2,19.28,5.43,0.11,54.4,1.53,14.58,13.85,0.606602247945687,2.036694605936558,19.309999999999985,33.96,11.925714285714289,-26.881043285980603,16.24,0.2551824131233728,0.966892928939152,61,1.15,31.63,-7.99,0.25,0.12,1.0,130.0,0.5296403727296427,0.2804891434324587
meknes,2022-01-15,12.28,20.62,6.69,0.0,64.06,1.91,13.53,13.93,0.5134641515841899,1.975268024624424,0.0600000000000319,28.27,12.572857142857142,-26.357805698534985,0.0,0.2551824131233728,0.966892928939152,61,1.15,33.89,-5.55,0.3,0.15,1.0,150.0,0.3400407591063569,0.45495990504500666
settat,2022-01-15,12.71,21.25,7.04,0.0,58.63,1.77,13.1,14.21,0.6079709182292863,2.081577752611878,1.0899999999999996,23.05000000000002,12.785714285714286,-35.62063831678818,0.0,0.2551824131233728,0.966892928939152,61,1.15,33.0,-7.62,0.28,0.14,1.0,140.0,0.6156380873623265,0.4632227617524791
marrakech,2022-01-16,11.58,20.58,4.35,0.0,45.94,1.4,15.13,16.229999999999997,0.737480919173449,2.245775421568786,19.309999999999985,33.96,11.808571428571428,-27.28758656286876,0.11,0.2717767384711357,0.9623603298276544,62,1.15,31.63,-7.99,0.25,0.12,1.0,130.0,0.5368539894398314,0.33093697461987076
meknes,2022-01-16,12.23,20.48,7.37,0.06,59.48,1.44,13.9,13.11,0.5769956764843821,1.9244739277267864,0.1200000000000319,28.25,12.734285714285717,-26.49128714730935,0.0,0.2717767384711357,0.9623603298276544,62,1.15,33.89,-5.55,0.3,0.15,1.0,150.0,0.3868631263810606,0.5312223682393378
settat,2022-01-16,12.78,21.98,6.79,0.11,57.48,2.82,13.56,15.19,0.6277449300594824,2.1694955268373546,1.1999999999999995,23.100000000000016,12.917142857142858,-35.81960141084363,0.0,0.2717767384711357,0.9623603298276544,62,1.15,33.0,-7.62,0.28,0.14,1.0,140.0,0.6381352077699639,0.4506470018265031
marrakech,2022-01-17,10.79,17.93,4.93,0.0,48.12,1.41,11.24,13.0,0.6715875855473296,1.966801910968871,19.269999999999985,33.96,11.562857142857142,-26.947976961677792,0.0,0.2882906407095177,0.957542952811672,63,1.15,31.63,-7.99,0.25,0.12,1.0,130.0,0.5592664161775867,0.2712763765694481
meknes,2022-01-17,12.31,21.3,5.72,0.0,52.92,1.59,13.49,15.580000000000002,0.6739467670411079,2.1164405328895484,0.0900000000000319,28.25,12.888571428571428,-26.579009676700696,0.06,0.2882906407095177,0.957542952811672,63,1.15,33.89,-5.55,0.3,0.15,1.0,150.0,0.4012233913382308,0.5820454231151063
settat,2022-01-17,12.37,22.18,5.98,0.0,61.31,1.69,11.35,16.2,0.5560340941719591,2.2234901527663222,1.1399999999999997,23.100000000000016,13.09,-35.90124916316678,0.11,0.2882906407095177,0.957542952811672,63,1.15,33.0,-7.62,0.28,0.14,1.0,140.0,0.6240787110695716,0.48089918740185156
marrakech,2022-01-18,10.67,18.94,6.22,0.0,48.5,1.57,10.44,12.720000000000002,0.6613603901591169,1.9484553602233907,18.419999999999984,33.79,11.484285714285717,-27.060625380493978,0.0,0.3047192331091634,0.9524422234305676,64,1.15,31.63,-7.99,0.25,0.12,1.0,130.0,0.5926566224615764,0.29528665573368135
meknes,2022-01-18,13.13,21.25,8.77,0.01,53.45,1.33,6.77,12.48,0.7031634685432097,1.9580607960676253,0.0700000000000319,26.44,12.75,-28.6045910639322,0.0,0.3047192331091634,0.9524422234305676,64,1.15,33.89,-5.55,0.3,0.15,1.0,150.0,0.429956949368796,0.48930464148581704
settat,2022-01-18,11.27,16.33,7.0,0.01,67.94,1.39,6.93,9.329999999999998,0.4284692417028689,1.635750134429479,0.2999999999999997,23.01000000000002,12.827142857142858,-35.70890066963503,0.0,0.3047192331091634,0.9524422234305676,64,1.15,33.0,-7.62,0.28,0.14,1.0,140.0,0.6683320245611115,0.5638567713236561
marrakech,2022-01-19,10.77,19.19,4.38,0.0,49.32,1.67,14.79,14.810000000000002,0.6551804170885919,2.1222415466404727,18.239999999999984,33.74,11.33,-27.18680046073745,0.0,0.321057654185271,0.9470596510722284,65,1.15,31.63,-7.99,0.25,0.12,1.0,130.0,0.6046278028038856,0.309243780814021
meknes,2022-01-19,12.93,20.81,7.9,0.04,53.59,1.24,14.04,12.909999999999998,0.6919389629339353,1.99141021148294,0.1100000000000319,26.27,12.69714285714286,-28.80491961596193,0.01,0.321057654185271,0.9470596510722284,65,1.15,33.89,-5.55,0.3,0.15,1.0,150.0,0.459153979872524,0.45041905974528224
settat,2022-01-19,12.18,21.51,6.12,0.03,63.65,1.71,13.56,15.39,0.5159148536111671,2.1801037697879497,0.1499999999999997,22.99000000000002,12.664285714285713,-35.78796422360266,0.01,0.321057654185271,0.9470596510722284,65,1.15,33.0,-7.62,0.28,0.14,1.0,140.0,0.6849964794962227,0.5624438335376749
marrakech,2022-01-20,11.13,18.03,5.92,0.0,48.8,1.58,12.57,12.11,0.6779396532460831,1.9549511529402903,16.349999999999984,31.79,11.16,-29.435138686422395,0.0,0.3373010691361842,0.9413968285264122,66,1.15,31.63,-7.99,0.25,0.12,1.0,130.0,0.6306442033741436,0.3219822068854351
meknes,2022-01-20,12.29,21.05,7.15,0.0,52.52,1.36,14.21,13.9,0.6787791338654257,2.036699681824355,0.1100000000000319,24.4,12.585714285714284,-30.759656464390112,0.04,0.3373010691361842,0.9413968285264122,66,1.15,33.89,-5.55,0.3,0.15,1.0,150.0,0.4769895097561459,0.34223789696073526
settat,2022-01-20,12.33,21.82,6.77,0.02,58.49,1.58,13.02,15.05,0.5949947710441146,2.1804833692492886,0.1699999999999998,19.44000000000002,12.537142857142856,-39.78753070301517,0.03,0.3373010691361842,0.9413968285264122,66,1.15,33.0,-7.62,0.28,0.14,1.0,140.0,0.6974404933603777,0.5595515779509007
marrakech,2022-01-21,12.82,19.58,7.75,0.0,44.23,1.43,13.8,11.829999999999998,0.825522229078739,2.057689588704134,0.1099999999999857,29.25,11.28,-32.28025949941122,0.0,0.3534446712740877,0.9354554315134164,67,1.15,31.63,-7.99,0.25,0.12,1.0,130.0,0.6612670963095691,0.4536406419997708
meknes,2022-01-21,11.97,19.91,7.05,0.0,53.32,1.56,14.9,12.86,0.653422789958102,1.9512947934968743,0.1100000000000319,18.009999999999998,12.448571428571428,-37.64907817884357,0.0,0.3534446712740877,0.9354554315134164,67,1.15,33.89,-5.55,0.3,0.15,1.0,150.0,0.5435467661604848,0.3916097252275125
settat,2022-01-21,12.22,21.05,7.18,0.0,57.24,1.4,14.12,13.87,0.6084921270141912,2.0992065328357388,0.1699999999999998,16.49000000000002,12.265714285714283,-43.32420214092852,0.02,0.3534446712740877,0.9354554315134164,67,1.15,33.0,-7.62,0.28,0.14,1.0,140.0,0.7305779994418082,0.5392476526813068
marrakech,2022-01-22,14.94,21.96,9.36,0.04,45.43,3.56,10.45,12.6,0.9270187326816536,2.284911776284413,0.0399999999999857,29.29,11.814285714285711,-32.508594756196544,0.0,0.3694836834473831,0.9292372181882051,68,1.15,31.63,-7.99,0.25,0.12,1.0,130.0,0.6809675574846785,0.518570843659177
meknes,2022-01-22,14.89,25.16,6.69,0.05,46.77,1.83,12.57,18.47,0.9013471116512842,2.585588481366336,0.1600000000000319,16.2,12.821428571428571,-40.42462048615827,0.0,0.3694836834473831,0.9292372181882051,68,1.15,33.89,-5.55,0.3,0.15,1.0,150.0,0.5417797172559486,0.5466760473471302
settat,2022-01-22,15.57,25.04,8.77,0.0,48.27,2.17,11.26,16.27,0.9150744290537784,2.5441129222267285,0.1699999999999998,16.39000000000002,12.674285714285714,-44.16970114603236,0.0,0.3694836834473831,0.9292372181882051,68,1.15,33.0,-7.62,0.28,0.14,1.0,140.0,0.7328948103744425,0.6189538583188314
marrakech,2022-01-23,15.2,23.09,10.75,0.0,47.32,3.15,13.3,12.34,0.9100095247475454,2.293793017514248,0.0399999999999857,29.19,12.331428571428573,-32.92824531248818,0.04,0.3854133594543256,0.9227440286201428,69,1.15,31.63,-7.99,0.25,0.12,1.0,130.0,0.6831438770127899,0.5687383842699962
meknes,2022-01-23,16.04,24.12,11.96,0.06,64.78,1.99,7.95,12.16,0.6420385830109825,2.1870285504398144,0.1600000000000319,14.989999999999998,13.365714285714288,-42.28662429868845,0.05,0.3854133594543256,0.9227440286201428,69,1.15,33.89,-5.55,0.3,0.15,1.0,150.0,0.5261645595705663,0.5845142955953553
settat,2022-01-23,16.05,23.52,11.78,0.02,63.72,3.01,11.41,11.74,0.6617841390534386,2.2070702903462918,0.0799999999999997,15.910000000000018,13.141428571428571,-45.153145706732815,0.0,0.3854133594543256,0.9227440286201428,69,1.15,33.0,-7.62,0.28,0.14,1.0,140.0,0.7298340145931898,0.739292093101569
marrakech,2022-01-24,12.31,18.92,8.14,0.05,65.3,1.5,14.26,10.78,0.4967279697605446,1.968937002769602,0.0899999999999857,21.59,12.54857142857143,-40.98494653585212,0.0,0.4012289854475009,0.9159777842484876,70,1.15,31.63,-7.99,0.25,0.12,1.0,130.0,0.5908973896422253,0.6581496965691054
meknes,2022-01-24,13.7,18.81,10.0,0.46,75.3,1.2,9.3,8.809999999999999,0.3872336001941022,1.7452529602009668,0.620000000000032,8.12,13.564285714285717,-49.73390947629894,0.06,0.4012289854475009,0.9159777842484876,70,1.15,33.89,-5.55,0.3,0.15,1.0,150.0,0.5596811434250077,0.7177263356986686
settat,2022-01-24,13.49,19.6,10.41,0.08,80.92,1.87,11.39,9.19,0.2950644360170906,1.8175161643380224,0.1599999999999997,5.9700000000000175,13.301428571428572,-55.68152181925392,0.02,0.4012289854475009,0.9159777842484876,70,1.15,33.0,-7.62,0.28,0.14,1.0,140.0,0.6932141592327984,0.6902336100166303
marrakech,2022-01-25,11.04,17.21,7.78,5.61,76.82,1.16,10.72,9.43,0.3050971423817878,1.7755840920006698,5.699999999999986,25.07,12.601428571428572,-37.732896938169446,0.05,0.4169258813287287,0.908940487313808,71,1.15,31.63,-7.99,0.25,0.12,1.0,130.0,0.5757388555869272,0.47590008464770445
meknes,2022-01-25,13.01,19.81,7.91,0.21,67.58,1.59,11.26,11.9,0.4858950517348113,1.9983952394987623,0.820000000000032,7.47,13.547142857142855,-50.88469937719624,0.46,0.4169258813287287,0.908940487313808,71,1.15,33.89,-5.55,0.3,0.15,1.0,150.0,0.5779392550124924,0.6727510682767373
settat,2022-01-25,13.16,18.98,7.98,3.46,75.84,0.92,11.18,11.0,0.3656662023564703,1.981325515142747,3.61,7.850000000000017,13.571428571428571,-54.15166900256052,0.08,0.4169258813287287,0.908940487313808,71,1.15,33.0,-7.62,0.28,0.14,1.0,140.0,0.698226085944128,0.5843503123099096
marrakech,2022-01-26,9.89,15.83,5.45,2.05,67.06,1.56,11.83,10.38,0.4015189734934096,1.8006836769221426,7.749999999999986,27.1,12.475714285714286,-35.51740887378758,5.61,0.4324994021339788,0.901634220265486,72,1.15,31.63,-7.99,0.25,0.12,1.0,130.0,0.591790866498596,0.42024746931775725
meknes,2022-01-26,13.91,21.07,9.92,0.13,57.44,2.39,11.93,11.15,0.676402737474584,2.005660666279321,0.910000000000032,7.27,13.687142857142858,-51.40904658109636,0.21,0.4324994021339788,0.901634220265486,72,1.15,33.89,-5.55,0.3,0.15,1.0,150.0,0.5878920662758592,0.7003633128102976
settat,2022-01-26,13.13,19.65,9.43,0.43,69.53,1.15,12.95,10.22,0.4602661844578216,1.921573974232191,4.01,8.080000000000018,13.707142857142856,-53.89033801717308,3.46,0.4324994021339788,0.901634220265486,72,1.15,33.0,-7.62,0.28,0.14,1.0,140.0,0.7202438297388222,0.6749483504678867
marrakech,2022-01-27,10.47,17.58,5.78,0.88,57.76,2.88,10.71,11.799999999999995,0.5352555195383516,1.9735728692782504,8.629999999999987,27.97,12.381428571428572,-34.365270457146025,2.05,0.4479449394078911,0.8940611451454876,73,1.15,31.63,-7.99,0.25,0.12,1.0,130.0,0.6109060772599895,0.3941006992390188
meknes,2022-01-27,13.0,19.98,9.06,0.34,60.1,1.97,13.38,10.92,0.5976105902000334,1.9424153848712544,1.250000000000032,7.5,13.78857142857143,-51.34874406196976,0.13,0.4479449394078911,0.8940611451454876,73,1.15,33.89,-5.55,0.3,0.15,1.0,150.0,0.6039588056585588,0.7045678051496607
settat,2022-01-27,13.65,20.96,9.02,0.06,55.79,1.93,13.32,11.94,0.6908500391222133,2.127232483291248,4.05,7.950000000000018,13.895714285714288,-54.10606383937616,0.43,0.4479449394078911,0.8940611451454876,73,1.15,33.0,-7.62,0.28,0.14,1.0,140.0,0.7312273841259942,0.7103875312137882
marrakech,2022-01-28,11.69,18.68,7.44,0.28,53.5,4.92,11.24,11.239999999999998,0.6389796558896769,2.0232868619056403,8.909999999999986,28.25,12.22,-33.762169115497834,0.88,0.4632579225674917,0.88622350294858,74,1.15,31.63,-7.99,0.25,0.12,1.0,130.0,0.6375733779731163,0.37365697390083696
meknes,2022-01-28,12.88,19.14,8.56,0.04,60.61,2.04,8.55,10.58,0.5853568170493665,1.919025525962775,1.290000000000032,7.53,13.918571428571427,-51.21313808890563,0.34,0.4632579225674917,0.88622350294858,74,1.15,33.89,-5.55,0.3,0.15,1.0,150.0,0.6565481052388467,0.7044019190540127
settat,2022-01-28,13.95,21.51,10.45,0.08,57.29,2.72,11.73,11.060000000000002,0.6805519186247289,2.08208576549246,4.13,7.940000000000017,14.142857142857142,-53.89172126975506,0.06,0.4632579225674917,0.88622350294858,74,1.15,33.0,-7.62,0.28,0.14,1.0,140.0,0.7526508505893623,0.7268660548873483
marrakech,2022-01-29,13.36,20.57,9.46,0.01,44.55,5.16,11.49,11.11,0.8502750091128982,2.14046203476319,8.879999999999987,28.26,11.994285714285713,-33.51082572173641,0.28,0.4784338202547012,0.8781236129591848,75,1.15,31.63,-7.99,0.25,0.12,1.0,130.0,0.6521502920269353,0.4495241878478868
meknes,2022-01-29,15.17,24.75,8.33,0.0,50.99,2.19,12.81,16.42,0.8449816888435758,2.5890131680074577,1.240000000000032,7.53,13.95857142857143,-51.527460101817546,0.04,0.4784338202547012,0.8781236129591848,75,1.15,33.89,-5.55,0.3,0.15,1.0,150.0,0.6712678871184974,0.7381329193865285
settat,2022-01-29,14.74,21.6,8.9,0.01,52.7,1.97,8.12,12.7,0.7932253079527152,2.3036912249529324,4.14,7.950000000000017,14.024285714285714,-53.77911554160359,0.08,0.4784338202547012,0.8781236129591848,75,1.15,33.0,-7.62,0.28,0.14,1.0,140.0,0.7760281580695798,0.7206845070699734
marrakech,2022-01-30,14.55,23.12,8.94,1.53,37.79,4.48,12.15,14.18,1.0305479582064765,2.5284654991463573,10.409999999999986,29.79,11.901428571428571,-31.93239941279704,0.01,0.4934681416772373,0.8697638720650646,76,1.15,31.63,-7.99,0.25,0.12,1.0,130.0,0.6610490960018028,0.37419807726799914
meknes,2022-01-30,15.82,24.52,9.94,0.0,47.02,2.21,13.82,14.58,0.9523083421848334,2.5072206906686976,1.180000000000032,7.53,13.927142857142856,-51.6815570343134,0.0,0.4934681416772373,0.8697638720650646,76,1.15,33.89,-5.55,0.3,0.15,1.0,150.0,0.6849313024105144,0.601611258827398
settat,2022-01-30,15.51,24.81,9.42,0.0,45.17,2.31,10.56,15.39,0.9661882123336132,2.615569641939248,4.119999999999999,7.950000000000017,13.947142857142856,-53.965078802271,0.01,0.4934681416772373,0.8697638720650646,76,1.15,33.0,-7.62,0.28,0.14,1.0,140.0,0.7850983412142927,0.7002424198787731
marrakech,2022-01-31,15.0,22.23,10.17,0.33,46.94,2.31,10.48,12.06,0.9048567107606288,2.3813295937922723,10.689999999999984,30.12,12.285714285714286,-31.6795000320735,1.53,0.5083564379375122,0.8611467540480452,77,1.15,31.63,-7.99,0.25,0.12,1.0,130.0,0.6879129087087107,0.4992791771891301
meknes,2022-01-31,15.96,23.92,10.6,0.0,56.76,2.17,13.13,13.320000000000002,0.7842206496133838,2.4254743946836563,0.7200000000000321,7.53,14.25,-51.97875683773466,0.0,0.5083564379375122,0.8611467540480452,77,1.15,33.89,-5.55,0.3,0.15,1.0,150.0,0.6953135165628195,0.7880474786939627
settat,2022-01-31,16.18,24.49,11.34,0.0,53.43,1.53,12.08,13.15,0.8565608515976826,2.4852131109507933,4.039999999999999,7.940000000000017,14.331428571428573,-54.10121861194914,0.0,0.5083564379375122,0.8611467540480452,77,1.15,33.0,-7.62,0.28,0.14,1.0,140.0,0.7981712697379009,0.7094522464803108
marrakech,2022-02-01,15.12,23.22,9.85,0.0,37.64,1.74,15.14,13.37,1.0716976994602807,2.53488621115384,5.079999999999986,30.12,12.868571428571428,-32.12011421430921,0.33,0.5230943033491326,0.8522748088519838,78,1.15,31.63,-7.99,0.25,0.12,1.0,130.0,0.7261515770613258,0.5469973601833507
meknes,2022-02-01,13.89,22.24,8.96,0.0,62.43,1.6,15.91,13.279999999999998,0.5963219844087198,2.2915307942663943,0.5100000000000321,7.52,14.375714285714286,-52.20968302400031,0.0,0.5230943033491326,0.8522748088519838,78,1.15,33.89,-5.55,0.3,0.15,1.0,150.0,0.7313866616734117,0.7432538611271255
settat,2022-02-01,14.53,23.72,9.0,0.0,53.51,2.18,15.25,14.72,0.7691416043534737,2.5210253175151136,0.58,7.9300000000000175,14.527142857142858,-54.43317892257346,0.0,0.5230943033491326,0.8522748088519838,78,1.15,33.0,-7.62,0.28,0.14,1.0,140.0,0.8186190099643129,0.7690027854622984
marrakech,2022-02-02,15.29,24.54,5.99,0.0,32.3,1.87,15.89,18.55,1.1762520032616195,3.023388115398211,3.0299999999999856,30.12,13.64,-32.8246788129296,0.0,0.5376773767406141,0.8431506618282,79,1.15,31.63,-7.99,0.25,0.12,1.0,130.0,0.7306547781726329,0.544345616117413
meknes,2022-02-02,14.81,26.41,7.6,0.0,43.81,1.85,16.43,18.81,0.9465752856008466,2.829082878065493,0.380000000000032,7.52,14.504285714285714,-53.06817025653304,0.0,0.5376773767406141,0.8431506618282,79,1.15,33.89,-5.55,0.3,0.15,1.0,150.0,0.7320955566254006,0.6709381743887818
settat,2022-02-02,14.74,25.72,7.16,0.0,39.95,1.65,15.4,18.56,1.0070439691873267,2.871422865713784,0.15,7.870000000000018,14.757142857142856,-55.10157900730941,0.0,0.5376773767406141,0.8431506618282,79,1.15,33.0,-7.62,0.28,0.14,1.0,140.0,0.8237484252026928,0.8000908005545071
marrakech,2022-02-03,16.27,23.65,10.44,0.05,46.57,1.88,12.44,13.21,0.9883922109814164,2.646488747442868,2.199999999999986,30.16,14.468571428571428,-33.3560208163545,0.0,0.5521013427459208,0.8337770129585915,80,1.15,31.63,-7.99,0.25,0.12,1.0,130.0,0.7487896753924944,0.6036824830481401
meknes,2022-02-03,15.77,23.25,10.42,0.0,46.78,1.59,14.52,12.83,0.9535671141352025,2.424892799607985,0.0400000000000319,4.85,14.9,-56.3314941722835,0.0,0.5521013427459208,0.8337770129585915,80,1.15,33.89,-5.55,0.3,0.15,1.0,150.0,0.7368799685572125,0.7471526225518402
settat,2022-02-03,16.55,24.69,11.07,0.0,46.16,1.75,13.1,13.62,1.0138909963907312,2.617034245648979,0.09,6.900000000000017,15.171428571428567,-56.811154385997135,0.0,0.5521013427459208,0.8337770129585915,80,1.15,33.0,-7.62,0.28,0.14,1.0,140.0,0.831997955377052,0.8319459290235173
marrakech,2022-02-04,16.05,23.53,9.97,0.01,54.7,1.55,15.09,13.56,0.8263181229085106,2.684004594140032,1.9299999999999855,30.15,15.09142857142857,-34.416609073694126,0.05,0.5663619330814524,0.8241566360566663,81,1.15,31.63,-7.99,0.25,0.12,1.0,130.0,0.7382510254521946,0.5001318864611984
meknes,2022-02-04,14.64,21.39,10.3,0.03,69.5,1.39,11.88,11.09,0.5081973070374721,2.1964981413032496,0.0300000000000319,4.28,15.151428571428571,-57.680577236392914,0.0,0.5663619330814524,0.8241566360566663,81,1.15,33.89,-5.55,0.3,0.15,1.0,150.0,0.752385941162482,0.7785005177940844
settat,2022-02-04,16.7,24.61,12.1,0.01,60.61,2.29,12.83,12.51,0.7488808321654435,2.539063140068893,0.02,6.690000000000018,15.564285714285717,-57.95047683685316,0.0,0.5663619330814524,0.8241566360566663,81,1.15,33.0,-7.62,0.28,0.14,1.0,140.0,0.8374501884248275,0.8181408610262855
marrakech,2022-02-05,14.03,19.32,9.93,0.37,63.83,1.61,13.3,9.39,0.5793420221866878,2.1161045468338475,2.289999999999986,30.52,15.187142857142858,-34.50432174410113,0.01,0.580454927809098,0.8142923779467267,82,1.15,31.63,-7.99,0.25,0.12,1.0,130.0,0.752422472436983,0.6010520813100405
meknes,2022-02-05,14.3,21.53,9.28,0.07,67.67,1.24,14.35,12.250000000000002,0.5269770410768932,2.303245425172597,0.1000000000000319,1.57,15.027142857142858,-61.58392533006789,0.03,0.580454927809098,0.8142923779467267,82,1.15,33.89,-5.55,0.3,0.15,1.0,150.0,0.7688584101139853,0.8304441917842509
settat,2022-02-05,15.79,23.02,11.73,0.01,62.28,2.85,12.25,11.29,0.6767119422566207,2.367228729055028,0.02,5.440000000000018,15.714285714285714,-60.309441177227626,0.01,0.580454927809098,0.8142923779467267,82,1.15,33.0,-7.62,0.28,0.14,1.0,140.0,0.8466399974959959,0.79308366851903
marrakech,2022-02-06,14.03,20.92,9.69,0.48,62.34,1.19,12.4,11.230000000000002,0.6032076459925535,2.331791535866433,1.2399999999999858,31.0,15.11285714285714,-34.39338168373997,0.37,0.5943761565849831,0.804187157621448,83,1.15,31.63,-7.99,0.25,0.12,1.0,130.0,0.7807649450449188,0.5608632280106635
meknes,2022-02-06,14.42,22.55,8.98,0.06,67.39,1.42,14.73,13.57,0.5356845207993322,2.4535208169699003,0.1600000000000319,1.62,14.827142857142858,-62.41988460964878,0.07,0.5943761565849831,0.804187157621448,83,1.15,33.89,-5.55,0.3,0.15,1.0,150.0,0.7924286001451202,0.8482939548347017
settat,2022-02-06,14.32,22.2,8.58,0.18,73.61,1.29,14.81,13.62,0.4307126776123997,2.5062732985414184,0.1999999999999999,5.610000000000018,15.544285714285715,-60.85299811022183,0.01,0.5943761565849831,0.804187157621448,83,1.15,33.0,-7.62,0.28,0.14,1.0,140.0,0.8628571240476666,0.7964982740965609
marrakech,2022-02-07,16.46,24.18,10.69,0.01,44.77,1.49,14.37,13.49,1.0341287151248533,2.771867744072501,0.9199999999999856,31.01,15.321428571428571,-35.0673054360361,0.48,0.6081214998935418,0.7938439653781019,84,1.15,31.63,-7.99,0.25,0.12,1.0,130.0,0.7977452139669514,0.5904717168909756
meknes,2022-02-07,15.94,25.28,8.85,0.01,58.58,1.52,15.41,16.43,0.7502528726951154,2.8508030154643755,0.170000000000032,1.63,14.824285714285711,-63.17648726072853,0.06,0.6081214998935418,0.7938439653781019,84,1.15,33.89,-5.55,0.3,0.15,1.0,150.0,0.8052570446725559,0.8030951313682494
settat,2022-02-07,16.73,26.22,9.52,0.15,59.49,1.13,15.27,16.7,0.7716431303677437,3.0076105241548445,0.35,5.750000000000018,15.622857142857145,-61.5984682856061,0.18,0.6081214998935418,0.7938439653781019,84,1.15,33.0,-7.62,0.28,0.14,1.0,140.0,0.8730661088737064,0.7910817144333224
marrakech,2022-02-08,16.15,24.07,9.57,0.0,40.43,1.43,15.38,14.5,1.093574743351277,2.8697051014046986,0.9199999999999856,31.01,15.468571428571428,-35.79923018767694,0.01,0.6216868902665479,0.7832658619336791,85,1.15,31.63,-7.99,0.25,0.12,1.0,130.0,0.8113109740653325,0.561479883364582
meknes,2022-02-08,16.95,26.3,10.69,0.0,50.96,1.73,15.46,15.61,0.9472556479182022,2.886079631114608,0.170000000000032,1.63,15.26142857142857,-64.2683201614447,0.01,0.6216868902665479,0.7832658619336791,85,1.15,33.89,-5.55,0.3,0.15,1.0,150.0,0.8173176417062202,0.8109348385203076
settat,2022-02-08,17.14,27.57,10.57,0.0,46.19,1.84,15.55,17.0,1.0519790346310969,3.0955351585107405,0.35,5.750000000000018,15.995714285714286,-62.56526338362806,0.15,0.6216868902665479,0.7832658619336791,85,1.15,33.0,-7.62,0.28,0.14,1.0,140.0,0.8799616279902152,0.8388655083807572
marrakech,2022-02-09,15.49,23.75,8.85,0.0,42.61,1.67,16.64,14.9,1.010003130612652,2.874557671087113,0.9199999999999856,30.97,15.497142857142858,-36.54509726880752,0.0,0.6350683134867438,0.7724559775191742,86,1.15,31.63,-7.99,0.25,0.12,1.0,130.0,0.8190298386811651,0.5632741825631341
meknes,2022-02-09,16.73,26.27,10.37,0.0,50.19,1.51,16.16,15.9,0.9487915162581414,2.918860131465121,0.170000000000032,1.6,15.535714285714286,-65.38444628881848,0.0,0.6350683134867438,0.7724559775191742,86,1.15,33.89,-5.55,0.3,0.15,1.0,150.0,0.8224467000266196,0.7890055765957888
settat,2022-02-09,16.42,26.56,10.06,0.0,49.38,1.68,16.38,16.5,0.9454007581918098,3.01126472959741,0.35,5.690000000000018,16.235714285714288,-63.63899066030697,0.0,0.6350683134867438,0.7724559775191742,86,1.15,33.0,-7.62,0.28,0.14,1.0,140.0,0.8831816874411041,0.8267608765820039
marrakech,2022-02-10,14.13,22.22,8.37,0.0,38.88,2.01,17.56,13.85,0.9853406241692698,2.678876941993202,0.8699999999999858,30.12,15.191428571428572,-38.34287331410696,0.0,0.6482618097757122,0.7614175109532997,87,1.15,31.63,-7.99,0.25,0.12,1.0,130.0,0.8004532494211106,0.7213368191196446
meknes,2022-02-10,15.3,24.13,9.72,0.0,53.86,1.52,17.29,14.409999999999998,0.8021733813658334,2.6863303155171705,0.170000000000032,1.57,15.468571428571428,-66.11505684270604,0.0,0.6482618097757122,0.7614175109532997,87,1.15,33.89,-5.55,0.3,0.15,1.0,150.0,0.8105007041777905,0.8267044632655675
settat,2022-02-10,15.11,24.54,10.06,0.01,55.03,1.54,15.34,14.48,0.7723421423068334,2.735221813420368,0.36,4.850000000000017,16.029999999999998,-65.51984834599088,0.0,0.6482618097757122,0.7614175109532997,87,1.15,33.0,-7.62,0.28,0.14,1.0,140.0,0.8774251299313768,0.8290962430408289
marrakech,2022-02-11,9.67,13.31,6.68,0.01,53.22,1.52,9.46,6.630000000000001,0.5618608840706274,1.6070208106758552,0.8699999999999858,29.95,14.28,-37.87066863994863,0.0,0.6612634749656386,0.7501537286959042,88,1.15,31.63,-7.99,0.25,0.12,1.0,130.0,0.8295196283089911,0.6894011867312168
meknes,2022-02-11,12.41,17.1,8.65,0.08,68.97,1.51,8.58,8.450000000000001,0.4471223490864122,1.893532736387611,0.2200000000000319,1.65,15.15,-65.8987964024058,0.0,0.6612634749656386,0.7501537286959042,88,1.15,33.89,-5.55,0.3,0.15,1.0,150.0,0.8326306187906602,0.9390079699653893
settat,2022-02-11,11.88,18.32,8.09,0.13,80.78,0.98,11.34,10.23,0.2674471155642163,2.090490888183592,0.48,4.800000000000018,15.34142857142857,-65.51246301882703,0.01,0.6612634749656386,0.7501537286959042,88,1.15,33.0,-7.62,0.28,0.14,1.0,140.0,0.8930415563553042,0.8204002344375233
marrakech,2022-02-12,10.73,18.29,5.55,0.0,54.59,1.99,17.95,12.739999999999998,0.5854890049517967,2.33173919553477,0.4999999999999858,28.06,13.808571428571428,-39.96583712857877,0.01,0.6740694616546161,0.7386679638813748,89,1.15,31.63,-7.99,0.25,0.12,1.0,130.0,0.8428833487149656,0.609208735277247
meknes,2022-02-12,12.67,20.2,6.7,0.0,58.62,1.82,17.25,13.5,0.6065248507104449,2.4346597961251417,0.1500000000000319,1.65,14.917142857142858,-66.294979390264,0.08,0.6740694616546161,0.7386679638813748,89,1.15,33.89,-5.55,0.3,0.15,1.0,150.0,0.8441348971517998,0.8128061471570894
settat,2022-02-12,12.62,21.59,5.84,0.0,63.6,2.25,16.21,15.75,0.5317836980070164,2.680543878710172,0.47,4.800000000000018,14.888571428571428,-65.97522163738762,0.13,0.6740694616546161,0.7386679638813748,89,1.15,33.0,-7.62,0.28,0.14,1.0,140.0,0.8991918208951424,0.7725053564916556
marrakech,2022-02-13,11.67,19.67,6.33,0.0,44.35,1.74,18.35,13.340000000000002,0.7637039391525545,2.4839755217352724,0.0199999999999857,11.82,13.471428571428572,-56.63804274869794,0.0,0.6866759803451553,0.726963615332308,90,1.15,31.63,-7.99,0.25,0.12,1.0,130.0,0.8501294928019377,0.8403822402271064
meknes,2022-02-13,13.2,21.88,7.66,0.0,53.02,1.54,17.4,14.22,0.7129115038801481,2.564038016392116,0.0900000000000319,1.65,14.742857142857144,-66.94179752794334,0.0,0.6866759803451553,0.726963615332308,90,1.15,33.89,-5.55,0.3,0.15,1.0,150.0,0.8402420052276416,0.8056145180950178
settat,2022-02-13,13.47,22.08,7.43,0.01,58.35,2.06,16.74,14.65,0.6432614122969795,2.679511714831341,0.3,4.810000000000017,14.767142857142858,-66.56772463538236,0.0,0.6866759803451553,0.726963615332308,90,1.15,33.0,-7.62,0.28,0.14,1.0,140.0,0.8985964984948746,0.8272619307297882
marrakech,2022-02-14,11.82,19.05,7.11,0.0,54.88,1.73,17.74,11.94,0.6253646486701253,2.380557768387109,0.0099999999999857,11.71,12.808571428571428,-57.091905911148494,0.0,0.6990793005655562,0.7150441465537444,91,1.15,31.63,-7.99,0.25,0.12,1.0,130.0,0.8634381418900379,0.8624254347667054
meknes,2022-02-14,12.19,18.91,7.9,0.3,78.37,2.05,16.0,11.01,0.3071963724321667,2.201424973304441,0.380000000000032,1.95,14.207142857142856,-66.86795447662335,0.0,0.6990793005655562,0.7150441465537444,91,1.15,33.89,-5.55,0.3,0.15,1.0,150.0,0.8534351235427218,0.7781766811599392
settat,2022-02-14,13.29,20.21,9.5,0.08,79.12,1.99,15.91,10.71,0.3187167568760751,2.296765447908915,0.23,4.890000000000017,14.275714285714288,-66.7029123306794,0.01,0.6990793005655562,0.7150441465537444,91,1.15,33.0,-7.62,0.28,0.14,1.0,140.0,0.9049160656506892,0.771237650078726
marrakech,2022-02-15,11.42,19.9,5.41,0.0,58.89,2.14,18.69,14.489999999999998,0.5549090965320174,2.6074307154344565,0.0099999999999857,11.71,12.132857142857144,-57.45356120501417,0.0,0.7112757519738152,0.7029130847082615,92,1.15,31.63,-7.99,0.25,0.12,1.0,130.0,0.8778608529450612,0.7813181885478185
meknes,2022-02-15,11.9,19.49,5.67,0.01,64.34,1.46,18.63,13.82,0.4968658206266027,2.4635977896919448,0.390000000000032,1.9,13.485714285714286,-67.45707833858853,0.3,0.7112757519738152,0.7029130847082615,92,1.15,33.89,-5.55,0.3,0.15,1.0,150.0,0.8653694959537324,0.6501277390416829
settat,2022-02-15,12.24,19.09,6.8,0.03,69.06,3.55,17.36,12.29,0.4408686972994045,2.397033087577602,0.26,4.810000000000018,13.575714285714286,-67.01044989141964,0.08,0.7112757519738152,0.7029130847082615,92,1.15,33.0,-7.62,0.28,0.14,1.0,140.0,0.916295488936941,0.7253580114713944
marrakech,2022-02-16,13.01,22.64,6.23,0.0,45.17,1.97,19.36,16.41,0.8217651353059748,2.948859174768589,0.0099999999999857,11.71,11.778571428571428,-58.435618468813885,0.0,0.7232617254437388,0.6905740195722294,93,1.15,31.63,-7.99,0.25,0.12,1.0,130.0,0.8897598964741329,0.7779951065750239
meknes,2022-02-16,12.09,21.46,5.39,0.01,55.46,1.67,19.01,16.07,0.6284189526068653,2.696631370296656,0.400000000000032,1.91,12.822857142857142,-68.02726917599563,0.01,0.7232617254437388,0.6905740195722294,93,1.15,33.89,-5.55,0.3,0.15,1.0,150.0,0.8756223258205973,0.5991342522809366
settat,2022-02-16,12.42,22.76,4.88,0.02,63.02,2.72,18.33,17.880000000000003,0.5332083355229752,2.932757798801413,0.28,4.830000000000019,13.004285714285714,-67.69971753745473,0.03,0.7232617254437388,0.6905740195722294,93,1.15,33.0,-7.62,0.28,0.14,1.0,140.0,0.9200580601754323,0.6189854721221453
marrakech,2022-02-17,14.67,24.98,7.93,0.0,31.44,1.54,19.53,17.05,1.1445754669133303,3.192737604463441,0.0099999999999857,11.71,11.855714285714289,-59.67990071305393,0.0,0.7350336741329412,0.6780306024735382,94,1.15,31.63,-7.99,0.25,0.12,1.0,130.0,0.8939589099394061,0.8223039652093236
meknes,2022-02-17,13.94,23.7,7.67,0.03,63.47,1.31,18.77,16.03,0.5817004619045775,2.8846340247239683,0.4300000000000319,1.93,12.62857142857143,-68.93384240465197,0.01,0.7350336741329412,0.6780306024735382,94,1.15,33.89,-5.55,0.3,0.15,1.0,150.0,0.8813679693005639,0.5245243686246365
settat,2022-02-17,13.77,25.03,5.57,0.33,65.76,2.47,17.77,19.46,0.5392458655280042,3.2228849378071502,0.6000000000000001,5.150000000000018,12.812857142857142,-68.96685234083239,0.02,0.7350336741329412,0.6780306024735382,94,1.15,33.0,-7.62,0.28,0.14,1.0,140.0,0.9119370955792084,0.6398319590401864
marrakech,2022-02-18,13.18,23.06,7.42,0.01,46.94,2.0,17.38,15.64,0.8041231066318237,2.940549785247364,0.0099999999999857,11.72,12.357142857142858,-60.48820895166082,0.0,0.746588114532413,0.6652865452111116,95,1.15,31.63,-7.99,0.25,0.12,1.0,130.0,0.8841619579389169,0.8341945839428331
meknes,2022-02-18,13.91,22.97,7.63,0.06,61.01,2.33,16.92,15.34,0.6196650078508936,2.8435071373751053,0.4100000000000319,1.95,12.842857142857143,-69.76593933054414,0.03,0.746588114532413,0.6652865452111116,95,1.15,33.89,-5.55,0.3,0.15,1.0,150.0,0.8420793472010426,0.5216722144559521
settat,2022-02-18,12.95,21.36,6.05,0.65,75.22,1.94,14.57,15.31,0.3699354649049589,2.8075760180509763,1.12,5.770000000000018,12.965714285714286,-68.97432458909543,0.33,0.746588114532413,0.6652865452111116,95,1.15,33.0,-7.62,0.28,0.14,1.0,140.0,0.8277889613600994,0.6014322923243104
marrakech,2022-02-19,10.58,16.96,7.13,0.31,75.09,2.37,14.15,9.830000000000002,0.317979167647504,2.152412509383833,0.3199999999999858,12.03,12.335714285714284,-60.37567030810437,0.01,0.7579216274973472,0.6523456189565257,96,1.15,31.63,-7.99,0.25,0.12,1.0,130.0,0.9003918388937817,0.7773385885057175
meknes,2022-02-19,12.2,16.27,9.52,1.81,84.82,2.44,10.23,6.75,0.2157333359453068,1.7998824531436663,2.220000000000032,3.76,12.775714285714288,-67.71912210186345,0.06,0.7579216274973472,0.6523456189565257,96,1.15,33.89,-5.55,0.3,0.15,1.0,150.0,0.8750265911979169,0.6542168918861583
settat,2022-02-19,11.4,14.68,7.69,4.68,87.47,1.77,8.0,6.989999999999999,0.1689079047867849,1.8164258673068456,5.8,10.430000000000016,12.79142857142857,-63.95026708715298,0.65,0.7579216274973472,0.6523456189565257,96,1.15,33.0,-7.62,0.28,0.14,1.0,140.0,0.8630638895911933,0.6957114733925507
marrakech,2022-02-20,12.24,20.24,5.4,0.01,56.82,1.47,12.28,14.839999999999998,0.6152782918354327,2.821348934321666,0.3299999999999858,12.04,12.417142857142858,-61.129329653721896,0.31,0.7690308592589181,0.6392116531380588,97,1.15,31.63,-7.99,0.25,0.12,1.0,130.0,0.9134406526636464,0.83857665485188
meknes,2022-02-20,14.86,24.14,6.84,0.02,64.48,2.55,17.39,17.3,0.6003008043685439,3.1639623387828304,2.240000000000032,3.78,13.012857142857143,-68.9117896471494,1.81,0.7690308592589181,0.6392116531380588,97,1.15,33.89,-5.55,0.3,0.15,1.0,150.0,0.8868537075357019,0.5020958537301979
settat,2022-02-20,13.61,23.37,6.05,0.01,73.91,2.6,16.03,17.32,0.4066368177894853,3.101210534687396,5.8,10.440000000000015,12.811428571428571,-64.94227108900463,4.68,0.7690308592589181,0.6392116531380588,97,1.15,33.0,-7.62,0.28,0.14,1.0,140.0,0.8777402667062612,0.6216095555010436
marrakech,2022-02-21,15.05,24.6,7.2,0.0,41.54,1.87,18.17,17.400000000000002,1.0001591414679685,3.367036583146993,0.3299999999999858,12.0,12.87857142857143,-62.25145446058448,0.01,0.7799125224167177,0.6258885343075018,98,1.15,31.63,-7.99,0.25,0.12,1.0,130.0,0.92171217491229,0.8266851029403667
meknes,2022-02-21,17.34,27.13,9.68,0.0,47.0,1.98,18.13,17.45,1.0493346386432192,3.4483105216742995,1.940000000000032,3.73,13.748571428571427,-69.82451168745737,0.02,0.7799125224167177,0.6258885343075018,98,1.15,33.89,-5.55,0.3,0.15,1.0,150.0,0.8977279994887561,0.5587657453133887
settat,2022-02-21,16.43,26.57,8.61,0.01,52.09,1.87,17.9,17.96,0.8953574388836668,3.4700568796444795,5.73,10.450000000000015,13.26,-65.8582150464224,0.01,0.7799125224167177,0.6258885343075018,98,1.15,33.0,-7.62,0.28,0.14,1.0,140.0,0.8873679106178373,0.6622263001460998
marrakech,2022-02-22,16.8,26.22,8.99,0.0,37.44,2.0,14.01,17.229999999999997,1.1969640424849068,3.556700311528627,0.3299999999999858,12.0,13.647142857142857,-63.51436175459886,0.0,0.7905633969115482,0.612380204990065,99,1.15,31.63,-7.99,0.25,0.12,1.0,130.0,0.9188829848480656,0.8500409968338822
meknes,2022-02-22,18.68,28.98,10.39,0.0,42.55,1.43,16.04,18.59,1.237419154545892,3.726561704303795,1.930000000000032,3.67,14.717142857142855,-71.42404484132135,0.0,0.7905633969115482,0.612380204990065,99,1.15,33.89,-5.55,0.3,0.15,1.0,150.0,0.9032543379129204,0.7596317207320217
settat,2022-02-22,17.55,27.36,10.03,0.0,42.9,1.72,13.88,17.33,1.145601876906009,3.5493169428361897,5.699999999999999,10.430000000000016,14.018571428571429,-67.22046169891229,0.01,0.7905633969115482,0.612380204990065,99,1.15,33.0,-7.62,0.28,0.14,1.0,140.0,0.8942413661255753,0.7439459906105254
marrakech,2022-02-23,17.26,26.56,13.25,0.37,47.4,3.75,12.93,13.31,1.0361611408687177,3.19235687496783,0.6999999999999857,12.32,14.254285714285714,-64.4177816267971,0.0,0.8009803309782905,0.5986906625177214,100,1.15,31.63,-7.99,0.25,0.12,1.0,130.0,0.9183870359699388,0.8359298676348834
meknes,2022-02-23,20.01,29.39,13.37,0.01,40.65,2.47,17.04,16.020000000000003,1.3886292356989711,3.616171959291565,1.930000000000032,3.22,15.848571428571429,-73.74496384041196,0.0,0.8009803309782905,0.5986906625177214,100,1.15,33.89,-5.55,0.3,0.15,1.0,150.0,0.8167169260696807,0.770388266753855
settat,2022-02-23,19.79,30.01,13.95,0.2,45.38,2.88,16.86,16.060000000000002,1.260660609909407,3.663292069183014,5.88,10.550000000000018,15.071428571428571,-68.9462376037573,0.0,0.8009803309782905,0.5986906625177214,100,1.15,33.0,-7.62,0.28,0.14,1.0,140.0,0.8805972999610562,0.7828477329965682
marrakech,2022-02-24,17.37,25.19,11.67,0.48,52.87,3.89,10.94,13.52,0.9348866154569432,3.252692089786402,1.1799999999999855,7.19,14.64,-71.02488962458281,0.37,0.8111602420785621,0.5848239578463322,101,1.15,31.63,-7.99,0.25,0.12,1.0,130.0,0.9047019871803594,0.8939165148260007
meknes,2022-02-24,18.44,26.51,12.11,7.21,63.27,1.4,9.35,14.400000000000002,0.7793323846175164,3.314109081331036,9.110000000000031,10.22,16.491428571428575,-68.06067768224422,0.01,0.8111602420785621,0.5848239578463322,101,1.15,33.89,-5.55,0.3,0.15,1.0,150.0,0.7690970091334346,0.5574088376420799
settat,2022-02-24,18.3,25.24,13.02,1.02,63.15,1.73,5.63,12.22,0.7750458137652564,3.094061170719133,6.57,8.110000000000017,15.718571428571428,-72.49897325933368,0.2,0.8111602420785621,0.5848239578463322,101,1.15,33.0,-7.62,0.28,0.14,1.0,140.0,0.8822276282168792,0.7801027134171283
marrakech,2022-02-25,17.39,25.65,11.77,1.43,50.51,3.19,14.8,13.88,0.9829416934773678,3.323198861537328,2.599999999999985,6.57,15.241428571428573,-73.167404809198,0.48,0.8211001178128892,0.5707841943569036,102,1.15,31.63,-7.99,0.25,0.12,1.0,130.0,0.9096062991935768,0.8690029042281424
meknes,2022-02-25,19.23,28.17,13.36,5.12,63.9,1.97,12.99,14.810000000000002,0.8047131411198514,3.4633961684222614,14.170000000000032,15.21,17.25142857142857,-64.52841318438716,7.21,0.8211001178128892,0.5707841943569036,102,1.15,33.89,-5.55,0.3,0.15,1.0,150.0,0.7683565063380932,0.5594605263606531
settat,2022-02-25,18.54,26.74,13.76,0.61,60.15,2.03,13.51,12.98,0.8508448238772124,3.2363522397283586,6.529999999999999,8.290000000000017,16.517142857142858,-73.63375152482983,1.02,0.8211001178128892,0.5707841943569036,102,1.15,33.0,-7.62,0.28,0.14,1.0,140.0,0.880879483455795,0.7907457997548836
marrakech,2022-02-26,16.05,25.05,10.33,0.14,54.4,1.79,12.71,14.72,0.8317904283582358,3.317431431078882,2.429999999999985,5.83,16.022857142857145,-75.25126337099863,1.43,0.8307970168121247,0.5565755266413303,103,1.15,31.63,-7.99,0.25,0.12,1.0,130.0,0.8424008782038601,0.891027663392483
meknes,2022-02-26,19.35,27.7,14.44,0.94,60.85,1.71,14.38,13.26,0.8792444250635778,3.315590914077777,13.300000000000033,15.81,18.272857142857145,-65.30158871359369,5.12,0.8307970168121247,0.5565755266413303,103,1.15,33.89,-5.55,0.3,0.15,1.0,150.0,0.7363312102101294,0.6402318658583044
settat,2022-02-26,17.36,25.41,13.11,0.5,72.23,1.78,12.34,12.3,0.5505071315603272,3.073043417514537,2.35,8.730000000000016,17.368571428571425,-74.13956245905312,0.61,0.8307970168121247,0.5565755266413303,103,1.15,33.0,-7.62,0.28,0.14,1.0,140.0,0.8604676890508528,0.860607945910517
marrakech,2022-02-27,13.42,19.3,9.82,4.0,77.43,1.5,7.06,9.48,0.3474470679961777,2.4743384145781446,6.419999999999986,9.55,16.19142857142857,-71.98231492367114,0.14,0.8402480696078469,0.5422021592729844,104,1.15,31.63,-7.99,0.25,0.12,1.0,130.0,0.86571373919274,0.770510483517851
meknes,2022-02-27,16.85,22.34,13.1,1.84,75.61,1.49,12.76,9.24,0.4681382913215703,2.6032354160131086,15.120000000000031,17.61,18.557142857142857,-64.18579860364402,0.94,0.8402480696078469,0.5422021592729844,104,1.15,33.89,-5.55,0.3,0.15,1.0,150.0,0.7611294505644146,0.6574070441023416
settat,2022-02-27,15.34,19.89,12.44,0.98,84.08,2.08,11.2,7.450000000000001,0.2774912512450659,2.27256655371933,3.3200000000000003,9.630000000000017,17.615714285714287,-73.43004324728,0.5,0.8402480696078469,0.5422021592729844,104,1.15,33.0,-7.62,0.28,0.14,1.0,140.0,0.8809622754308902,0.7451134989817331
marrakech,2022-02-28,14.32,23.1,8.16,0.04,66.72,2.14,19.19,14.94,0.5431647560038144,3.220251715369909,6.459999999999986,9.58,16.087142857142858,-73.03210460427786,4.0,0.8494504794814806,0.527668345562516,105,1.15,31.63,-7.99,0.25,0.12,1.0,130.0,0.8735610698326501,0.8146279578951094
meknes,2022-02-28,16.25,23.58,11.06,0.2,65.21,2.73,18.63,12.519999999999998,0.6427541792863576,3.0027584760937738,15.320000000000032,17.81,18.40142857142857,-64.39954391173033,1.84,0.8494504794814806,0.527668345562516,105,1.15,33.89,-5.55,0.3,0.15,1.0,150.0,0.7933064741308213,0.5871985602648215
settat,2022-02-28,16.17,24.2,11.28,0.08,74.41,2.34,18.68,12.92,0.4703761074899584,3.092538052669966,3.39,9.700000000000015,17.57857142857143,-74.14889007499703,0.98,0.8494504794814806,0.527668345562516,105,1.15,33.0,-7.62,0.28,0.14,1.0,140.0,0.8900695914542206,0.7487688234773466
marrakech,2022-03-01,15.09,22.78,9.44,0.03,52.72,1.79,19.44,13.340000000000002,0.8109714257361875,3.139646604399045,6.489999999999986,8.08,15.842857142857143,-75.14328570953055,0.04,0.8584015232918917,0.512978386299228,106,1.15,31.63,-7.99,0.25,0.12,1.0,130.0,0.881099386047951,0.8355131131675126
meknes,2022-03-01,16.31,26.27,8.02,0.0,52.05,1.87,20.53,18.25,0.8892826289745516,3.66203827968582,15.320000000000032,17.81,18.062857142857144,-65.55436150074745,0.2,0.8584015232918917,0.512978386299228,106,1.15,33.89,-5.55,0.3,0.15,1.0,150.0,0.7946607159168906,0.6253316408835801
settat,2022-03-01,14.7,23.46,8.6,0.01,64.24,1.89,20.02,14.86,0.5981526592082166,3.1986414883555567,3.4,9.710000000000017,17.17142857142857,-74.72196192141334,0.08,0.8584015232918917,0.512978386299228,106,1.15,33.0,-7.62,0.28,0.14,1.0,140.0,0.8889551138670988,0.7369174352692863
marrakech,2022-03-02,13.93,21.82,8.23,0.03,54.6,1.63,17.97,13.59,0.7224763114684079,3.080353745812116,6.149999999999985,7.779999999999999,15.367142857142856,-76.14230986155039,0.03,0.8670985522812081,0.4981366284784055,107,1.15,31.63,-7.99,0.25,0.12,1.0,130.0,0.8835325340946141,0.8333100236436884
meknes,2022-03-02,15.3,24.12,9.53,0.09,58.88,2.0,20.89,14.590000000000002,0.7148974738136772,3.2037187458285272,15.400000000000032,17.9,17.390000000000004,-66.24260585189232,0.0,0.8670985522812081,0.4981366284784055,107,1.15,33.89,-5.55,0.3,0.15,1.0,150.0,0.692718924359226,0.5616012054217207
settat,2022-03-02,14.02,22.47,9.06,0.41,71.9,1.96,20.09,13.409999999999998,0.4497913163283235,2.9988374579386683,3.61,10.120000000000015,16.347142857142856,-74.82558626840121,0.01,0.8670985522812081,0.4981366284784055,107,1.15,33.0,-7.62,0.28,0.14,1.0,140.0,0.8286411291466165,0.7442525279004559
marrakech,2022-03-03,12.78,21.25,7.53,0.32,54.79,1.67,21.58,13.72,0.6674588026338006,3.0053689019967957,5.989999999999985,8.1,14.71142857142857,-76.29279255239334,0.03,0.8755389928586302,0.4831474640149687,108,1.15,31.63,-7.99,0.25,0.12,1.0,130.0,0.8619024796819625,0.8389457600351382
meknes,2022-03-03,13.67,21.23,9.12,7.83,75.1,3.41,19.96,12.11,0.3896079497795404,2.797922884709978,16.02000000000003,25.73,16.708571428571428,-58.91899794233591,0.09,0.8755389928586302,0.4831474640149687,108,1.15,33.89,-5.55,0.3,0.15,1.0,150.0,0.6703457515077027,0.4388876441164356
settat,2022-03-03,13.9,21.18,9.66,4.54,77.08,2.26,17.72,11.52,0.3640292709869382,2.791060299685077,7.13,14.660000000000018,15.718571428571428,-70.55562125057118,0.41,0.8755389928586302,0.4831474640149687,108,1.15,33.0,-7.62,0.28,0.14,1.0,140.0,0.8218619085188081,0.6587412855867183
marrakech,2022-03-04,10.01,15.92,4.62,1.37,66.94,2.71,18.15,11.3,0.4062365602799057,2.498995254752415,5.9299999999999855,9.47,13.657142857142858,-74.39839969174756,0.32,0.8837203473619977,0.4680153284438345,109,1.15,31.63,-7.99,0.25,0.12,1.0,130.0,0.8716686100099335,0.7713398619134332
meknes,2022-03-04,10.79,16.12,6.39,1.31,72.01,3.73,14.24,9.73,0.3623310817168417,2.297119837594918,12.210000000000033,27.04,15.502857142857142,-57.07703490186533,7.83,0.8837203473619977,0.4680153284438345,109,1.15,33.89,-5.55,0.3,0.15,1.0,150.0,0.6703505396561007,0.5308565425376699
settat,2022-03-04,10.65,16.66,6.14,0.56,73.86,2.66,16.01,10.52,0.3352413531388308,2.412669491674958,7.08,15.220000000000017,14.591428571428574,-69.53686787653236,4.54,0.8837203473619977,0.4680153284438345,109,1.15,33.0,-7.62,0.28,0.14,1.0,140.0,0.8128280464593509,0.7375294196150036
marrakech,2022-03-05,8.91,16.42,3.52,0.01,61.94,1.67,21.44,12.900000000000002,0.4343022444468955,2.58353502268028,5.799999999999986,9.43,12.637142857142855,-74.37544596698497,1.37,0.8916401947968874,0.452744699607371,110,1.15,31.63,-7.99,0.25,0.12,1.0,130.0,0.7013269855580757,0.7776950774198651
meknes,2022-03-05,10.22,16.42,5.89,1.36,72.66,2.52,16.23,10.53,0.3407065281994327,2.361121624665629,12.630000000000033,28.4,14.198571428571428,-55.65326372692298,1.31,0.8916401947968874,0.452744699607371,110,1.15,33.89,-5.55,0.3,0.15,1.0,150.0,0.4134118369201006,0.4593110694648704
settat,2022-03-05,10.8,18.4,6.22,1.65,72.35,1.85,17.95,12.18,0.3581681698878707,2.630260931969885,8.23,16.87000000000002,13.654285714285717,-67.90009456285325,0.56,0.8916401947968874,0.452744699607371,110,1.15,33.0,-7.62,0.28,0.14,1.0,140.0,0.4810230528999654,0.687864956758851
marrakech,2022-03-06,7.9,11.7,4.51,9.46,85.3,2.69,11.98,7.19,0.1566261964963984,1.8695665912904205,11.259999999999987,18.880000000000003,11.848571428571429,-64.11100796413534,0.01,0.8992961915530253,0.4373400963303323,111,1.15,31.63,-7.99,0.25,0.12,1.0,130.0,0.7503951380226545,0.6204699145607163
meknes,2022-03-06,10.72,14.23,8.0,16.4,82.97,2.93,10.11,6.23,0.2194282636274068,1.86349511646474,27.190000000000037,44.77,13.322857142857142,-38.95026070208447,1.36,0.8992961915530253,0.4373400963303323,111,1.15,33.89,-5.55,0.3,0.15,1.0,150.0,0.4821538309438246,0.20957145449317216
settat,2022-03-06,10.64,14.95,8.28,20.23,86.16,2.74,16.76,6.67,0.1773775213127398,1.950650831550129,27.48,37.09000000000002,12.982857142857144,-47.091682254334486,1.65,0.8992961915530253,0.4373400963303323,111,1.15,33.0,-7.62,0.28,0.14,1.0,140.0,0.5582305921573611,0.368452394608434
marrakech,2022-03-07,9.69,17.05,3.73,0.0,63.35,1.31,21.95,13.32,0.440784296051956,2.741854129952245,11.219999999999988,18.510000000000005,11.187142857142858,-65.10675754725375,9.46,0.9066860720977984,0.4218060770826634,112,1.15,31.63,-7.99,0.25,0.12,1.0,130.0,0.7819657584914042,0.7233340071705221
meknes,2022-03-07,11.26,17.91,7.68,0.23,73.95,2.75,15.51,10.23,0.3479171145980412,2.4526832068970816,27.220000000000034,44.93,12.61,-38.93969848380896,16.4,0.9066860720977984,0.4218060770826634,112,1.15,33.89,-5.55,0.3,0.15,1.0,150.0,0.5395555214383561,0.25852342189231736
settat,2022-03-07,11.39,18.46,6.28,0.01,70.78,1.94,14.48,12.18,0.3936328628835396,2.7264529242673663,27.410000000000004,37.09000000000002,12.3,-47.45090644954684,20.23,0.9066860720977984,0.4218060770826634,112,1.15,33.0,-7.62,0.28,0.14,1.0,140.0,0.6145947673847809,0.44472314490037673
marrakech,2022-03-08,10.86,20.4,3.41,0.0,54.05,1.75,22.98,16.99,0.5976017204541635,3.2519202790716086,11.189999999999989,18.03,10.582857142857142,-66.50688629045892,0.0,0.9138076496466616,0.4061472386305788,113,1.15,31.63,-7.99,0.25,0.12,1.0,130.0,0.8088190476547076,0.8001638001759039
meknes,2022-03-08,12.7,20.65,7.53,0.09,69.74,2.06,20.62,13.119999999999996,0.4444075717299814,2.938473168281708,27.310000000000034,44.96,12.094285714285714,-39.39465083512077,0.23,0.9138076496466616,0.4061472386305788,113,1.15,33.89,-5.55,0.3,0.15,1.0,150.0,0.5967133974305167,0.24372783049437483
settat,2022-03-08,12.34,21.68,5.19,0.04,73.19,1.82,21.21,16.49,0.3845411609324891,3.300816967656153,27.44,36.95000000000001,11.962857142857144,-48.385450118661566,0.01,0.9138076496466616,0.4061472386305788,113,1.15,33.0,-7.62,0.28,0.14,1.0,140.0,0.65217851534849,0.4281988767562488
marrakech,2022-03-09,14.38,24.34,7.14,0.0,43.27,1.76,19.87,17.2,0.9294955960606938,3.700336939174724,11.159999999999988,18.020000000000003,10.647142857142857,-67.44535548556114,0.0,0.9206588168102428,0.3903682146763026,114,1.15,31.63,-7.99,0.25,0.12,1.0,130.0,0.8183410525374248,0.7736064635517264
meknes,2022-03-09,14.72,24.23,7.88,0.1,64.35,1.53,20.7,16.35,0.597082789509561,3.5252017797165047,27.32000000000004,45.05,12.01142857142857,-39.979049599372885,0.09,0.9206588168102428,0.3903682146763026,114,1.15,33.89,-5.55,0.3,0.15,1.0,150.0,0.6032940664825643,0.2429217490238172
settat,2022-03-09,14.41,23.27,6.64,0.03,72.07,2.25,18.46,16.63,0.4585094923607576,3.5694863960830525,27.06,36.83000000000001,12.01857142857143,-49.06732599058977,0.04,0.9206588168102428,0.3903682146763026,114,1.15,33.0,-7.62,0.28,0.14,1.0,140.0,0.6694548911699698,0.4406530627633955
marrakech,2022-03-10,14.16,23.37,8.34,0.0,49.04,1.66,22.58,15.03,0.8231462076303103,3.459990043601162,10.839999999999987,18.020000000000003,10.844285714285714,-68.0356404277576,0.0,0.9272375462179536,0.374473674486883,115,1.15,31.63,-7.99,0.25,0.12,1.0,130.0,0.8312694314145068,0.7756457115047307
meknes,2022-03-10,14.12,22.39,8.8,0.24,71.63,2.02,21.78,13.59,0.4570680112644949,3.179351085522559,19.730000000000032,45.29,12.075714285714286,-40.03232105378084,0.1,0.9272375462179536,0.374473674486883,115,1.15,33.89,-5.55,0.3,0.15,1.0,150.0,0.6206233995575517,0.2442295352266926
settat,2022-03-10,14.93,23.33,8.94,0.03,70.85,1.76,21.29,14.39,0.4948725556749082,3.399529359687515,22.55,36.860000000000014,12.165714285714284,-49.34132019176656,0.03,0.9272375462179536,0.374473674486883,115,1.15,33.0,-7.62,0.28,0.14,1.0,140.0,0.6872678550319209,0.45135354178196546
marrakech,2022-03-11,13.97,22.88,8.15,0.0,49.56,1.97,20.07,14.73,0.804767837477926,3.42907906280108,9.469999999999988,18.020000000000003,11.41,-68.59016181947158,0.0,0.9335418911179212,0.3584683215124808,116,1.15,31.63,-7.99,0.25,0.12,1.0,130.0,0.8384744304095502,0.7837973999442189
meknes,2022-03-11,13.61,21.86,7.36,0.86,69.16,2.4,16.8,14.5,0.4806699678278163,3.256716518420012,19.280000000000037,46.15,12.478571428571428,-39.51017744073573,0.24,0.9335418911179212,0.3584683215124808,116,1.15,33.89,-5.55,0.3,0.15,1.0,150.0,0.6013368184571073,0.20978907785794354
settat,2022-03-11,13.7,22.38,7.91,0.09,69.59,2.1,12.82,14.47,0.4767519749758156,3.3054633899077355,22.08,36.95000000000002,12.60142857142857,-49.54551885207688,0.03,0.9335418911179212,0.3584683215124808,116,1.15,33.0,-7.62,0.28,0.14,1.0,140.0,0.68496285862039,0.4091318429939441
marrakech,2022-03-12,13.45,21.23,8.19,0.04,56.2,1.43,20.34,13.04,0.6755857983128716,3.195876483097383,9.499999999999986,18.06,12.058571428571428,-69.06716136057575,0.0,0.9395699859530622,0.342356891994542,117,1.15,31.63,-7.99,0.25,0.12,1.0,130.0,0.8347299208062356,0.7528824763755381
meknes,2022-03-12,14.21,21.43,10.7,1.89,75.22,2.69,16.26,10.73,0.4015650886714711,2.8770385407207715,19.810000000000034,48.04,13.04857142857143,-37.81088566593934,0.86,0.9395699859530622,0.342356891994542,117,1.15,33.89,-5.55,0.3,0.15,1.0,150.0,0.5634340372217538,0.22514379996316086
settat,2022-03-12,13.82,21.4,9.38,0.98,74.05,1.95,16.48,12.019999999999998,0.4100170240641724,3.046614916923558,21.41,37.920000000000016,13.03285714285714,-48.88691195558006,0.09,0.9395699859530622,0.342356891994542,117,1.15,33.0,-7.62,0.28,0.14,1.0,140.0,0.5945350608021902,0.4371549555057259
marrakech,2022-03-13,13.66,22.15,7.37,1.44,64.8,1.95,22.78,14.779999999999998,0.5504128214939238,3.449137685444807,1.4799999999999858,19.49,12.881428571428572,-69.47927823534471,0.04,0.945320046913132,0.3261441535642696,118,1.15,31.63,-7.99,0.25,0.12,1.0,130.0,0.6638660636890534,0.7966522068794749
meknes,2022-03-13,13.77,20.34,8.88,4.98,79.36,1.6,18.35,11.46,0.3250594236126755,2.95480168087985,8.390000000000036,52.94,13.484285714285717,-33.97215461043157,1.89,0.945320046913132,0.3261441535642696,118,1.15,33.89,-5.55,0.3,0.15,1.0,150.0,0.4774337841838902,0.10680398658824267
settat,2022-03-13,13.61,20.63,8.1,8.33,78.13,1.78,16.74,12.53,0.3408642087027997,3.1126685147787665,9.51,46.12000000000001,13.457142857142856,-41.70908958217524,0.98,0.945320046913132,0.3261441535642696,118,1.15,33.0,-7.62,0.28,0.14,1.0,140.0,0.4605721437844446,0.24606031034957188
marrakech,2022-03-14,9.63,15.09,5.35,10.12,70.69,3.39,12.62,9.74,0.3510888265661964,2.458123786470233,11.599999999999984,29.610000000000003,12.872857142857145,-59.48566282628017,1.44,0.9507903724625832,0.3098349038318025,119,1.15,31.63,-7.99,0.25,0.12,1.0,130.0,0.4972279214068962,0.6211782373153312
meknes,2022-03-14,12.82,18.74,9.19,6.88,78.52,2.04,9.52,9.55,0.3179526175472711,2.6359552454707287,15.040000000000036,59.82,13.707142857142856,-27.29345005977716,4.98,0.9507903724625832,0.3098349038318025,119,1.15,33.89,-5.55,0.3,0.15,1.0,150.0,0.4504928525804006,0.10197131915861112
settat,2022-03-14,11.07,15.45,6.65,8.17,79.58,3.19,7.52,8.799999999999999,0.2693060506192999,2.415086603205936,17.67,54.29000000000001,13.411428571428573,-33.273632306671004,8.33,0.9507903724625832,0.3098349038318025,119,1.15,33.0,-7.62,0.28,0.14,1.0,140.0,0.4485266833243743,0.21425500994245425
marrakech,2022-03-15,8.31,11.98,4.92,9.66,75.29,1.95,19.57,7.0600000000000005,0.2707302087668415,2.005678420305373,21.259999999999984,39.27,12.508571428571427,-49.34736572485028,10.12,0.9559793438440766,0.2934339689665273,120,1.15,31.63,-7.99,0.25,0.12,1.0,130.0,0.5116200520535443,0.5594837116123224
meknes,2022-03-15,10.66,14.75,7.63,1.25,77.67,1.09,15.56,7.12,0.2865696620212374,2.131294439020006,16.200000000000035,61.07,13.415714285714287,-25.61070648240505,6.88,0.9559793438440766,0.2934339689665273,120,1.15,33.89,-5.55,0.3,0.15,1.0,150.0,0.3640040506148408,0.16409473169402067
settat,2022-03-15,10.41,15.23,5.58,3.18,77.68,1.84,18.89,9.65,0.2817030173259111,2.4890582431121118,20.81,57.460000000000015,13.135714285714284,-29.913178834951776,8.17,0.9559793438440766,0.2934339689665273,120,1.15,33.0,-7.62,0.28,0.14,1.0,140.0,0.4528072772621099,0.20988408162376265
marrakech,2022-03-16,8.65,14.18,4.46,2.43,81.42,2.33,13.47,9.72,0.2083181966532598,2.400123553649602,23.689999999999987,41.7,11.69,-46.93693151011277,9.66,0.9608854255574976,0.2769462022689364,121,1.15,31.63,-7.99,0.25,0.12,1.0,130.0,0.5606910854736968,0.4021290531837419
meknes,2022-03-16,9.54,13.64,7.23,6.56,82.19,1.85,11.82,6.41,0.2120494236033955,1.9570435138232916,22.660000000000032,67.33,12.675714285714283,-19.106325022923897,1.25,0.9608854255574976,0.2769462022689364,121,1.15,33.89,-5.55,0.3,0.15,1.0,150.0,0.4580697510725663,0.0633937402446233
settat,2022-03-16,10.89,16.69,7.14,2.05,79.5,2.15,11.84,9.55,0.2671450340843894,2.536250481618336,22.83,59.430000000000014,12.632857142857144,-28.182663868661194,3.18,0.9608854255574976,0.2769462022689364,121,1.15,33.0,-7.62,0.28,0.14,1.0,140.0,0.5114338403776116,0.19829391896456713
marrakech,2022-03-17,10.88,16.97,5.81,0.36,80.21,1.77,10.33,11.16,0.2577211664465892,2.807224990769979,24.049999999999983,42.06,11.221428571428572,-46.776725785448285,2.43,0.9655071658143364,0.2603764827344581,122,1.15,31.63,-7.99,0.25,0.12,1.0,130.0,0.6214623244968263,0.4474033821152687
meknes,2022-03-17,12.22,18.47,6.66,1.02,77.04,2.09,7.12,11.81,0.3267301037475637,2.938186385312803,23.44000000000004,68.34,12.404285714285717,-18.57091361854476,6.56,0.9655071658143364,0.2603764827344581,122,1.15,33.89,-5.55,0.3,0.15,1.0,150.0,0.525711136969032,0.08940903790840511
settat,2022-03-17,13.19,20.11,7.71,0.99,79.79,2.18,10.28,12.4,0.306482215267673,3.1437727665822126,23.79,60.390000000000015,12.384285714285712,-27.96940354766581,2.05,0.9655071658143364,0.2603764827344581,122,1.15,33.0,-7.62,0.28,0.14,1.0,140.0,0.569010232171307,0.23016836887288594
marrakech,2022-03-18,13.46,21.32,7.49,0.03,63.61,1.44,19.58,13.83,0.5616574378523015,3.4286655369681127,24.079999999999984,42.09,11.14857142857143,-47.22653214764781,0.36,0.969843196967294,0.2437297136096838,123,1.15,31.63,-7.99,0.25,0.12,1.0,130.0,0.6766311304925146,0.6143093719391435
meknes,2022-03-18,14.81,22.79,8.67,0.04,65.57,2.88,16.15,14.12,0.5800068888278547,3.5151862445329902,22.62000000000004,68.37,12.575714285714286,-19.35946849278109,1.02,0.969843196967294,0.2437297136096838,123,1.15,33.89,-5.55,0.3,0.15,1.0,150.0,0.5856256521861333,0.21641018342063592
settat,2022-03-18,14.6,22.88,8.01,0.11,73.45,1.9,14.92,14.87,0.4412403921006472,3.624471350059353,23.81,60.48000000000001,12.512857142857143,-28.571117098923747,0.99,0.969843196967294,0.2437297136096838,123,1.15,33.0,-7.62,0.28,0.14,1.0,140.0,0.611877980295623,0.35981745407686455
marrakech,2022-03-19,15.82,24.57,7.82,0.0,51.94,1.82,22.11,16.75,0.8638720068970006,4.084666481098018,24.039999999999985,42.09,11.487142857142857,-48.11846102428239,0.03,0.9738922359149924,0.2270108209414184,124,1.15,31.63,-7.99,0.25,0.12,1.0,130.0,0.6901585524489378,0.5774316512953025
meknes,2022-03-19,16.91,25.59,9.04,0.01,57.74,1.68,21.85,16.55,0.8142255834015089,4.07976791942735,20.740000000000038,68.35000000000001,12.96142857142857,-20.574602387484475,0.04,0.9738922359149924,0.2270108209414184,124,1.15,33.89,-5.55,0.3,0.15,1.0,150.0,0.5784006489032121,0.2274611619399241
settat,2022-03-19,15.96,24.7,9.2,0.02,68.41,1.64,21.24,15.5,0.5729308584941443,3.8824330527792297,22.85,60.170000000000016,12.81857142857143,-29.540665213895828,0.11,0.9738922359149924,0.2270108209414184,124,1.15,33.0,-7.62,0.28,0.14,1.0,140.0,0.6162628566156038,0.3804287454113525
marrakech,2022-03-20,14.78,23.29,8.63,0.01,56.41,2.5,14.83,14.659999999999998,0.7328968043937685,3.727029364430727,22.609999999999985,42.09,11.647142857142857,-48.90494060346575,0.0,0.977653084481664,0.2102247521189836,125,1.15,31.63,-7.99,0.25,0.12,1.0,130.0,0.7180642271991222,0.578463127476652
meknes,2022-03-20,17.31,24.66,12.71,0.89,62.73,2.76,17.87,11.95,0.7365020763642671,3.531530067058945,16.650000000000034,69.18,13.467142857142855,-20.432625317168316,0.01,0.977653084481664,0.2102247521189836,125,1.15,33.89,-5.55,0.3,0.15,1.0,150.0,0.593218062143666,0.23808266812396636
settat,2022-03-20,15.37,21.94,10.07,0.05,70.25,2.83,16.11,11.87,0.5195527544619958,3.3609617250675066,14.57,59.570000000000014,13.070000000000002,-30.694050920912357,0.02,0.977653084481664,0.2102247521189836,125,1.15,33.0,-7.62,0.28,0.14,1.0,140.0,0.6512910485419448,0.4360004714597553
marrakech,2022-03-21,14.03,23.38,7.34,0.0,60.39,1.71,20.69,16.04,0.634441180503586,3.833038556006836,12.489999999999986,41.78,12.275714285714288,-50.89556665008875,0.01,0.981124629771712,0.1933764744102058,126,1.15,31.63,-7.99,0.25,0.12,1.0,130.0,0.7226038790193348,0.7064419645529514
meknes,2022-03-21,15.31,22.33,10.66,0.16,71.12,1.92,19.5,11.669999999999998,0.5024198300897262,3.314157465552942,9.930000000000035,67.53,13.822857142857142,-23.59690032957759,0.89,0.981124629771712,0.1933764744102058,126,1.15,33.89,-5.55,0.3,0.15,1.0,150.0,0.5854710354636012,0.25020060370890673
settat,2022-03-21,14.07,21.98,7.72,0.01,73.47,2.26,21.62,14.260000000000002,0.4260402681406519,3.5633349722533683,6.41,54.90000000000001,13.498571428571427,-37.11096002585887,0.05,0.981124629771712,0.1933764744102058,126,1.15,33.0,-7.62,0.28,0.14,1.0,140.0,0.6527467928344569,0.4932039978936804
marrakech,2022-03-22,13.68,20.58,8.43,0.05,62.94,1.64,16.1,12.15,0.580251724144902,3.320112172729986,2.879999999999986,41.82000000000001,13.042857142857144,-51.35432988849707,0.0,0.984305844499033,0.1764709734915216,127,1.15,31.63,-7.99,0.25,0.12,1.0,130.0,0.6517314090707209,0.7753792328996746
meknes,2022-03-22,15.12,22.14,10.6,2.63,73.93,1.09,18.8,11.54,0.4480301318943154,3.2994026707281083,11.310000000000036,70.14,14.46,-21.12234066152287,0.16,0.984305844499033,0.1764709734915216,127,1.15,33.89,-5.55,0.3,0.15,1.0,150.0,0.3299354476370884,0.22372367094815818
settat,2022-03-22,14.77,21.24,11.09,0.23,78.89,1.74,14.48,10.15,0.3547023707810353,3.09280310754424,3.46,55.12000000000002,14.121428571428572,-36.882552598715726,0.01,0.984305844499033,0.1764709734915216,127,1.15,33.0,-7.62,0.28,0.14,1.0,140.0,0.5705182514418441,0.3833846993076168
marrakech,2022-03-23,10.8,17.67,6.36,5.19,78.25,2.85,13.34,11.310000000000002,0.2817416887906396,2.928318105140923,5.639999999999986,47.010000000000005,13.35,-45.725611410491005,0.05,0.9871957872910084,0.1595132519726365,128,1.15,31.63,-7.99,0.25,0.12,1.0,130.0,0.5699669244348042,0.5382463524290617
meknes,2022-03-23,13.29,17.36,9.16,18.16,85.12,2.19,9.67,8.2,0.2271314819116856,2.644584938220615,22.91000000000004,88.30000000000001,14.995714285714286,-2.1586150780691806,2.63,0.9871957872910084,0.1595132519726365,128,1.15,33.89,-5.55,0.3,0.15,1.0,150.0,0.2940950971891115,0.10224303259523093
settat,2022-03-23,12.66,18.54,9.27,6.4,81.59,3.16,8.86,9.27,0.2696665331954862,2.7824161334302797,7.81,61.51000000000001,14.374285714285715,-29.80491185250152,0.23,0.9871957872910084,0.1595132519726365,128,1.15,33.0,-7.62,0.28,0.14,1.0,140.0,0.525104348296783,0.3341988250432549
marrakech,2022-03-24,9.38,13.65,6.12,4.54,78.86,2.54,19.77,7.53,0.2490011780879377,2.284672709277233,9.819999999999986,51.55,13.135714285714286,-39.91358380823961,5.19,0.9897936029670716,0.1425083279161708,129,1.15,31.63,-7.99,0.25,0.12,1.0,130.0,0.6082700738758506,0.557550348711748
meknes,2022-03-24,9.74,14.09,6.03,3.13,74.8,1.45,9.1,8.059999999999999,0.3040963069843701,2.338198777537125,25.020000000000035,91.43,14.641428571428571,2.359747848697488,18.16,0.9897936029670716,0.1425083279161708,129,1.15,33.89,-5.55,0.3,0.15,1.0,150.0,0.3943702546318075,0.0783356134986034
settat,2022-03-24,11.38,15.24,8.63,2.66,74.67,2.71,18.68,6.609999999999999,0.3410032650862697,2.2654418391329587,9.48,64.17000000000002,14.115714285714288,-25.861036748798288,6.4,0.9897936029670716,0.1425083279161708,129,1.15,33.0,-7.62,0.28,0.14,1.0,140.0,0.5707217772376965,0.4710346547831502
marrakech,2022-03-25,10.88,16.81,6.42,1.16,73.45,1.91,20.32,10.39,0.3457552788861516,2.84895030295927,10.949999999999989,52.34,12.767142857142858,-38.78017723623105,4.54,0.992098522791769,0.1254612333527364,130,1.15,31.63,-7.99,0.25,0.12,1.0,130.0,0.6670172440516284,0.6707675069854033
meknes,2022-03-25,12.08,17.96,5.62,0.5,66.12,1.41,16.44,12.34,0.4777011503992595,3.1598807624737457,25.48000000000004,91.92,14.251428571428573,3.3060390455153077,3.13,0.992098522791769,0.1254612333527364,130,1.15,33.89,-5.55,0.3,0.15,1.0,150.0,0.4444469827165542,0.1252698610369695
settat,2022-03-25,12.27,17.14,7.88,0.78,74.39,1.72,11.3,9.260000000000002,0.3656418459853008,2.780889936714586,10.15,64.75000000000001,13.78285714285714,-24.398634616329858,2.66,0.992098522791769,0.1254612333527364,130,1.15,33.0,-7.62,0.28,0.14,1.0,140.0,0.6369718741071579,0.3966292297809251
marrakech,2022-03-26,12.65,20.79,6.02,0.02,62.74,1.4,24.25,14.77,0.5454202289774284,3.627946202954632,10.969999999999986,51.88,12.314285714285717,-39.61543134939928,1.16,0.9941098647022418,0.108377012791876,131,1.133,31.63,-7.99,0.25,0.12,1.0,130.0,0.7281243190358536,0.6588095837951573
meknes,2022-03-26,13.95,21.0,8.2,0.29,67.03,1.44,20.28,12.8,0.5253523005632711,3.4421191274016305,25.760000000000037,85.0,13.828571428571426,-3.741971000555288,0.5,0.9941098647022418,0.108377012791876,131,1.133,33.89,-5.55,0.3,0.15,1.0,150.0,0.5535635852423317,0.2729525368462992
settat,2022-03-26,13.81,22.21,7.41,0.26,74.61,1.58,19.08,14.8,0.4009082386004528,3.719129291116981,10.39,63.990000000000016,13.475714285714286,-25.783702736727705,0.78,0.9941098647022418,0.108377012791876,131,1.133,33.0,-7.62,0.28,0.14,1.0,140.0,0.696100681782982,0.44307339599614715
marrakech,2022-03-27,16.52,27.24,7.42,0.0,40.8,1.93,19.12,19.82,1.1127029281158938,4.764659722192151,10.959999999999988,50.45,12.562857142857142,-42.48689221005411,0.02,0.9958270335100596,0.0912607217293118,132,1.116,31.63,-7.99,0.25,0.12,1.0,130.0,0.732578535735904,0.728268266929965
meknes,2022-03-27,17.67,28.67,8.63,0.0,53.36,1.66,21.28,20.04,0.9428508899549876,4.842768312574071,24.870000000000037,79.88,13.88,-10.241343144707098,0.29,0.9958270335100596,0.0912607217293118,132,1.116,33.89,-5.55,0.3,0.15,1.0,150.0,0.5723939899674659,0.3388598408170257
settat,2022-03-27,17.49,27.99,9.24,0.04,54.43,1.95,18.76,18.75,0.9108189193938234,4.70264313718781,10.38,63.420000000000016,13.778571428571428,-27.81999363418716,0.26,0.9958270335100596,0.0912607217293118,132,1.116,33.0,-7.62,0.28,0.14,1.0,140.0,0.6706784062979154,0.4731909483294803
marrakech,2022-03-28,17.39,26.53,10.83,0.53,48.66,2.68,20.64,15.7,1.019685321138171,4.373360309538555,11.489999999999988,50.84,13.042857142857144,-43.152821088513775,0.0,0.9972495210773452,0.0741174251509443,133,1.099,31.63,-7.99,0.25,0.12,1.0,130.0,0.6547892846610552,0.7234100723959953
meknes,2022-03-28,18.87,28.77,12.23,0.06,47.67,3.01,19.1,16.54,1.1406029622679077,4.577520463083912,24.770000000000035,79.0,14.388571428571428,-12.383272693713232,0.0,0.9972495210773452,0.0741174251509443,133,1.099,33.89,-5.55,0.3,0.15,1.0,150.0,0.3906468145996838,0.3149006266115994
settat,2022-03-28,17.79,24.57,13.04,1.25,52.5,3.27,18.15,11.53,0.967524243638536,3.741955912115236,11.62,64.17000000000002,14.31,-27.738906128787857,0.04,0.9972495210773452,0.0741174251509443,133,1.099,33.0,-7.62,0.28,0.14,1.0,140.0,0.4916989199320474,0.47289223547077797
marrakech,2022-03-29,13.47,20.08,8.41,4.68,74.16,2.7,18.4,11.669999999999998,0.399084631302616,3.369663315036337,16.119999999999987,51.52,13.012857142857143,-43.36814598897197,0.53,0.998376906467142,0.0569521960340397,134,1.082,31.63,-7.99,0.25,0.12,1.0,130.0,0.5052420135848406,0.6261851547879945
meknes,2022-03-29,14.74,21.43,11.21,11.09,77.06,2.15,15.67,10.22,0.3847058893115281,3.213097392587993,33.23000000000003,88.25,14.334285714285716,-3.743134670288118,0.06,0.998376906467142,0.0569521960340397,134,1.082,33.89,-5.55,0.3,0.15,1.0,150.0,0.2185294193213038,0.20198947890382077
settat,2022-03-29,14.41,18.13,11.87,9.84,80.87,2.29,9.36,6.26,0.314045348688195,2.5105129004234925,21.23,73.03000000000002,14.258571428571427,-19.116852475492017,1.25,0.998376906467142,0.0569521960340397,134,1.082,33.0,-7.62,0.28,0.14,1.0,140.0,0.4254256684675592,0.11051822025723086
marrakech,2022-03-30,11.39,15.85,7.95,8.63,79.19,2.82,14.71,7.899999999999999,0.2803388048119939,2.602623356101969,19.559999999999985,60.11000000000001,13.097142857142858,-34.160517629704025,4.68,0.9992088560679752,0.0397701138460557,135,1.065,31.63,-7.99,0.25,0.12,1.0,130.0,0.5912678557618153,0.29336524285729265
meknes,2022-03-30,13.33,16.54,11.15,8.65,81.71,4.67,10.77,5.389999999999999,0.2799120859203077,2.2461808007284065,23.720000000000034,96.7,14.340000000000002,5.46344300507725,11.09,0.9992088560679752,0.0397701138460557,135,1.065,33.89,-5.55,0.3,0.15,1.0,150.0,0.30465471362725,0.00931024076394008
settat,2022-03-30,13.38,16.4,10.16,5.66,82.1,3.34,18.96,6.239999999999998,0.2748383894073254,2.4408637752235163,20.49,78.61000000000001,14.361428571428572,-12.885178198045567,9.84,0.9992088560679752,0.0397701138460557,135,1.065,33.0,-7.62,0.28,0.14,1.0,140.0,0.5133120155276081,0.15247457291494929
marrakech,2022-03-31,12.28,19.95,4.87,0.12,63.71,1.78,25.48,15.079999999999998,0.5184644980798624,3.726026449602131,15.139999999999985,60.2,13.511428571428572,-34.65689747490711,8.63,0.9997451236925734,0.0225762630415454,136,1.0479999999999998,31.63,-7.99,0.25,0.12,1.0,130.0,0.6267855985011225,0.5610971533009719
meknes,2022-03-31,13.66,19.79,9.57,2.17,77.85,4.46,19.83,10.22,0.3463535226162049,3.1448978723620065,22.76000000000004,98.87,14.9,8.150583412401062,8.65,0.9997451236925734,0.0225762630415454,136,1.0479999999999998,33.89,-5.55,0.3,0.15,1.0,150.0,0.3614966858578783,0.09035963327084633
settat,2022-03-31,13.51,20.72,8.47,0.39,78.68,2.3,16.42,12.249999999999998,0.3301350307060998,3.45444799260714,18.22,78.99000000000001,14.665714285714284,-12.760984702297153,5.66,0.9997451236925734,0.0225762630415454,136,1.0479999999999998,33.0,-7.62,0.28,0.14,1.0,140.0,0.5498113807184974,0.18208408557056283
marrakech,2022-04-01,13.18,22.55,6.53,0.2,59.92,2.48,26.26,16.02,0.6074114985639558,3.97692097446162,14.179999999999986,60.370000000000005,13.84,-35.38346470355661,0.12,0.9999855506507186,0.0053757315575838,137,1.031,31.63,-7.99,0.25,0.12,1.0,130.0,0.6769537759187676,0.5717170360496451
meknes,2022-04-01,13.89,21.2,8.65,0.68,74.33,2.39,22.84,12.55,0.4074417178539216,3.531655608883148,22.94000000000004,99.46,15.15857142857143,8.412646549346443,2.17,0.9999855506507186,0.0053757315575838,137,1.031,33.89,-5.55,0.3,0.15,1.0,150.0,0.4232547326761429,0.14999802329766548
settat,2022-04-01,14.03,22.34,9.33,0.16,73.27,2.52,22.94,13.01,0.4281396807589209,3.640130225017758,17.599999999999998,78.74000000000002,14.917142857142856,-13.65227746937624,0.39,0.9999855506507186,0.0053757315575838,137,1.031,33.0,-7.62,0.28,0.14,1.0,140.0,0.5914988494273102,0.3165493636042485
marrakech,2022-04-02,16.52,25.94,8.26,0.0,41.25,1.73,26.2,17.68,1.1042448822096074,4.653208855691164,14.159999999999986,60.05,14.392857142857142,-37.351304657250985,0.2,0.9999300657962056,-0.0118263906918325,138,1.014,31.63,-7.99,0.25,0.12,1.0,130.0,0.6575153535921696,0.680323122525045
meknes,2022-04-02,14.23,21.98,6.9,0.01,68.15,1.86,23.62,15.08,0.5168050644232067,3.9360831702833647,22.66000000000004,91.64,15.198571428571428,-0.5455137362269444,0.68,0.9999300657962056,-0.0118263906918325,138,1.014,33.89,-5.55,0.3,0.15,1.0,150.0,0.4208186915803983,0.3217026507003375
settat,2022-04-02,14.07,22.8,7.43,0.12,69.45,3.38,22.64,15.37,0.4905966902260428,3.984155288824984,17.46,74.32000000000001,14.954285714285716,-19.26537245851615,0.16,0.9999300657962056,-0.0118263906918325,138,1.014,33.0,-7.62,0.28,0.14,1.0,140.0,0.5989854390430445,0.31080394072821094
marrakech,2022-04-03,15.23,22.91,10.03,1.18,56.04,2.35,17.79,12.88,0.7608433216109962,3.842583954048196,15.339999999999986,59.86000000000001,14.208571428571428,-38.88489335654677,0.0,0.9995786855478958,-0.0290250133219752,139,0.997,31.63,-7.99,0.25,0.12,1.0,130.0,0.0,0.6598536510253054
meknes,2022-04-03,14.25,20.68,9.79,0.01,61.39,1.81,19.02,10.89,0.6273063930471978,3.3665221419186,22.67000000000004,90.34,14.71,-2.914916040550627,0.01,0.9995786855478958,-0.0290250133219752,139,0.997,33.89,-5.55,0.3,0.15,1.0,150.0,0.053640341276875,0.26635635945720115
settat,2022-04-03,14.45,22.24,9.88,0.24,75.72,2.3,20.25,12.359999999999998,0.3996221531843645,3.63574375856276,17.66,74.00000000000001,14.519999999999998,-20.80844672540395,0.12,0.9995786855478958,-0.0290250133219752,139,0.997,33.0,-7.62,0.28,0.14,1.0,140.0,0.3417895919787788,0.30326152904040404
marrakech,2022-04-04,10.85,16.1,6.91,55.52,81.45,3.21,13.54,9.19,0.241091121418588,2.8300542629670624,70.32999999999998,115.37,13.274285714285712,16.378587403166456,1.18,0.9989315138848576,-0.0462150469837083,140,0.98,31.63,-7.99,0.25,0.12,1.0,130.0,0.0,0.0
meknes,2022-04-04,13.25,18.41,10.37,25.68,78.56,1.65,7.93,8.040000000000001,0.3264113715969657,2.8185277375482563,48.29000000000004,114.66,13.907142857142858,20.947677846566748,0.01,0.9989315138848576,-0.0462150469837083,140,0.98,33.89,-5.55,0.3,0.15,1.0,150.0,0.0723881925932182,0.008963846960295143
settat,2022-04-04,12.63,17.78,9.45,16.28,82.94,3.51,12.99,8.330000000000002,0.2494006631823182,2.831895061595856,32.69,88.63000000000002,13.782857142857145,-6.38008085502992,0.24,0.9989315138848576,-0.0462150469837083,140,0.98,33.0,-7.62,0.28,0.14,1.0,140.0,0.1638008982428166,0.12028868739236845
marrakech,2022-04-05,8.32,12.0,4.95,14.23,77.91,3.53,20.79,7.05,0.2421891692860368,2.271424849161046,79.88,120.14,12.538571428571428,20.746729145295827,55.52,0.9979887423155984,-0.0633914048695103,141,0.963,31.63,-7.99,0.25,0.12,1.0,130.0,0.0,0.12636292671223287
meknes,2022-04-05,12.18,17.26,7.47,3.31,71.56,5.08,18.5,9.790000000000004,0.4036483751499749,3.0200150697631845,40.51000000000003,101.57,13.54142857142857,6.701157893268306,25.68,0.9979887423155984,-0.0633914048695103,141,0.963,33.89,-5.55,0.3,0.15,1.0,150.0,0.0866009413750955,0.06520687865081616
settat,2022-04-05,10.71,13.74,7.67,10.24,82.5,5.57,12.78,6.07,0.2253339452173654,2.2772144339157863,33.09,78.64000000000001,13.254285714285714,-16.69664445739558,16.28,0.9979887423155984,-0.0633914048695103,141,0.963,33.0,-7.62,0.28,0.14,1.0,140.0,0.2467880945319374,0.07789017240254476
marrakech,2022-04-06,11.02,17.81,6.28,0.07,71.9,1.93,21.72,11.529999999999998,0.3693633513602999,3.221218885247483,71.32,120.21,12.485714285714284,20.337364390000587,14.23,0.9967506498213928,-0.0805490042187416,142,0.946,31.63,-7.99,0.25,0.12,1.0,130.0,0.0,0.20793071705808203
meknes,2022-04-06,12.76,17.7,9.38,0.84,77.72,3.93,11.98,8.319999999999999,0.3285004154406665,2.853742752094203,32.70000000000003,102.18,13.46,6.910098348071183,3.31,0.9967506498213928,-0.0805490042187416,142,0.946,33.89,-5.55,0.3,0.15,1.0,150.0,0.2449801196627415,0.03492559468524125
settat,2022-04-06,12.9,18.72,8.6,2.42,75.45,2.87,19.93,10.12,0.3653043734212548,3.183185055561113,29.85,81.05000000000001,13.185714285714283,-14.743376588689324,10.24,0.9967506498213928,-0.0805490042187416,142,0.946,33.0,-7.62,0.28,0.14,1.0,140.0,0.358444087079281,0.30476952243247235
marrakech,2022-04-07,13.58,23.87,5.58,0.0,65.0,2.18,26.85,18.29,0.5444430236083179,4.43930570959877,71.2,120.21,12.671428571428573,19.14997895947343,0.07,0.9952176027737294,-0.0976827678217159,143,0.929,31.63,-7.99,0.25,0.12,1.0,130.0,0.0,0.2096893493031329
meknes,2022-04-07,14.48,23.16,7.27,0.04,71.65,1.79,26.29,15.89,0.4675158188849413,4.188602539341552,30.57000000000004,102.13,13.577142857142858,5.609968977011341,0.84,0.9952176027737294,-0.0976827678217159,143,0.929,33.89,-5.55,0.3,0.15,1.0,150.0,0.3006659398380641,0.1834221677386658
settat,2022-04-07,14.17,23.57,7.54,0.09,73.51,3.21,25.9,16.03,0.4281648215184941,4.19396450236662,29.55,81.10000000000002,13.28,-15.58652412339979,2.42,0.9952176027737294,-0.0976827678217159,143,0.929,33.0,-7.62,0.28,0.14,1.0,140.0,0.4011299458632991,0.2904983823398329
marrakech,2022-04-08,16.1,25.26,8.57,0.0,54.69,1.78,26.87,16.69,0.829142753049644,4.603514121367149,71.0,120.21,13.088571428571427,18.246801777281004,0.0,0.9933900548258936,-0.114787625522127,144,0.912,31.63,-7.99,0.25,0.12,1.0,130.0,0.0614326155758645,0.198405644761772
meknes,2022-04-08,15.26,24.36,8.0,0.02,69.1,1.7,26.73,16.36,0.5358376272898129,4.376251128745724,29.91000000000004,102.05,13.772857142857143,4.678919627982119,0.04,0.9933900548258936,-0.114787625522127,144,0.912,33.89,-5.55,0.3,0.15,1.0,150.0,0.3629799827926611,0.17934806075221504
settat,2022-04-08,15.4,25.0,9.5,0.25,73.68,3.18,26.2,15.5,0.4605373075737066,4.304895258698989,29.64,81.32000000000002,13.475714285714286,-16.101932986015726,0.09,0.9933900548258936,-0.114787625522127,144,0.912,33.0,-7.62,0.28,0.14,1.0,140.0,0.4684420376667125,0.30282418409644163
marrakech,2022-04-09,19.0,28.48,11.09,0.0,44.56,1.62,26.97,17.39,1.2182348587621357,5.125406296643291,71.0,120.21,13.442857142857145,16.581385524238875,0.0,0.9912685467787256,-0.1318585157173911,145,0.895,31.63,-7.99,0.25,0.12,1.0,130.0,0.1674603011552967,0.23565373196369413
meknes,2022-04-09,16.91,26.1,8.88,0.03,62.36,1.34,27.18,17.22,0.7252118068914527,4.738852496640555,29.93000000000003,101.84,14.155714285714286,2.9094182168641245,0.02,0.9912685467787256,-0.1318585157173911,145,0.895,33.89,-5.55,0.3,0.15,1.0,150.0,0.4614050511691577,0.1811266001682787
settat,2022-04-09,16.95,27.38,9.05,0.16,65.28,2.56,26.55,18.33,0.6706508176125607,4.924920531952327,29.68,81.45000000000002,13.887142857142855,-17.497324158280538,0.25,0.9912685467787256,-0.1318585157173911,145,0.895,33.0,-7.62,0.28,0.14,1.0,140.0,0.5345333966492583,0.33648362896439254
marrakech,2022-04-10,20.26,30.65,11.31,0.0,37.81,2.43,26.52,19.34,1.4777470694177046,5.616419677925518,69.82,120.21,14.161428571428573,14.394044909114438,0.0,0.9888537064205885,-0.1488903868564548,146,0.8779999999999999,31.63,-7.99,0.25,0.12,1.0,130.0,0.1690100628228786,0.23969176375072107
meknes,2022-04-10,21.29,33.06,11.93,0.0,47.98,2.06,24.89,21.130000000000003,1.3169658894409213,5.942537505695316,29.920000000000037,100.98,15.161428571428573,-0.6364027704111788,0.03,0.9888537064205885,-0.1488903868564548,146,0.8779999999999999,33.89,-5.55,0.3,0.15,1.0,150.0,0.4082487714391656,0.35254642788257695
settat,2022-04-10,20.32,32.31,12.43,0.02,51.31,3.03,24.53,19.880000000000003,1.1612580510825208,5.654446010947044,29.46,81.38000000000001,14.725714285714288,-19.916306779319846,0.16,0.9888537064205885,-0.1488903868564548,146,0.8779999999999999,33.0,-7.62,0.28,0.14,1.0,140.0,0.4760011608003746,0.37564953911414134
marrakech,2022-04-11,16.86,27.19,10.49,0.08,54.38,2.79,19.12,16.700000000000003,0.8761796890539431,4.774677105573687,14.379999999999994,120.25,15.02,12.855244286638134,0.0,0.986146248341595,-0.1658781989346314,147,0.861,31.63,-7.99,0.25,0.12,1.0,130.0,0.1134641084647225,0.3515657867001462
meknes,2022-04-11,17.84,25.73,12.74,0.63,66.21,2.75,20.25,12.99,0.6904365365339092,4.26985953127189,4.870000000000036,99.72,15.817142857142857,-3.2892237609622974,0.0,0.986146248341595,-0.1658781989346314,147,0.861,33.89,-5.55,0.3,0.15,1.0,150.0,0.3530675477032302,0.4124678895093888
settat,2022-04-11,15.54,22.58,11.1,0.58,78.39,2.86,19.12,11.48,0.3815342945286247,3.776527361592252,13.76,80.98,15.141428571428571,-21.04621922398854,0.02,0.986146248341595,-0.1658781989346314,147,0.861,33.0,-7.62,0.28,0.14,1.0,140.0,0.4937251841578207,0.25569111043100057
marrakech,2022-04-12,13.42,19.99,9.4,0.21,66.59,1.95,21.99,10.589999999999998,0.5143201835069694,3.4402950388841544,0.3599999999999929,119.02,15.748571428571427,11.634086933198786,0.08,0.98314697372215,-0.1828169249850199,148,0.844,31.63,-7.99,0.25,0.12,1.0,130.0,0.1998111711663251,0.4977231597459988
meknes,2022-04-12,15.18,20.66,11.62,2.22,74.08,3.5,19.17,9.04,0.4471742699589839,3.3126942640471086,3.780000000000036,96.96,16.245714285714286,-6.407116344129556,0.63,0.98314697372215,-0.1828169249850199,148,0.844,33.89,-5.55,0.3,0.15,1.0,150.0,0.3882560277576721,0.32587479412456055
settat,2022-04-12,14.92,21.55,10.04,0.57,73.62,2.86,21.29,11.510000000000002,0.4475585248147461,3.729027336383266,4.09,73.22000000000001,15.742857142857144,-29.42257804559304,0.58,0.98314697372215,-0.1828169249850199,148,0.844,33.0,-7.62,0.28,0.14,1.0,140.0,0.5209470861905221,0.5750924105274323
marrakech,2022-04-13,13.95,21.33,8.04,0.18,65.55,2.61,27.58,13.29,0.5489349940674763,3.9367845287502847,0.4699999999999928,109.08,16.167142857142856,0.2154261909187353,0.21,0.9798567700958664,-0.1997015525660636,149,0.827,31.63,-7.99,0.25,0.12,1.0,130.0,0.3002257626162613,0.5516196514093438
meknes,2022-04-13,15.02,21.32,10.07,1.28,72.75,2.74,19.01,11.25,0.4653055490359267,3.695702091177484,4.220000000000036,91.36,16.568571428571428,-13.066863189836312,2.22,0.9798567700958664,-0.1997015525660636,149,0.827,33.89,-5.55,0.3,0.15,1.0,150.0,0.4559601977260857,0.3947357247061959
settat,2022-04-13,15.21,22.14,10.07,0.43,73.26,2.83,25.22,12.07,0.4622114742799609,3.870737985716976,2.1,65.48,16.072857142857142,-38.61822942810408,0.57,0.9798567700958664,-0.1997015525660636,149,0.827,33.0,-7.62,0.28,0.14,1.0,140.0,0.5753945195921724,0.5708822667178595
marrakech,2022-04-14,14.91,24.35,6.48,0.0,53.93,2.53,29.3,17.87,0.7811122782660911,4.72347906225691,0.4699999999999928,99.42,16.357142857142858,-12.162374451032802,0.18,0.976276611086932,-0.2165270852448143,150,0.81,31.63,-7.99,0.25,0.12,1.0,130.0,0.369179363541783,0.7165049367613461
meknes,2022-04-14,15.83,23.88,8.55,0.09,70.08,1.92,26.82,15.329999999999998,0.5381520588299957,4.441976461505871,4.270000000000036,90.2,16.76142857142857,-16.53754521232218,1.28,0.976276611086932,-0.2165270852448143,150,0.81,33.89,-5.55,0.3,0.15,1.0,150.0,0.5120543096881083,0.36994176352236613
settat,2022-04-14,15.66,25.13,8.61,0.11,69.37,3.37,27.03,16.52,0.5449606328085349,4.611446537116916,2.12,62.41000000000002,16.285714285714285,-43.81061772210889,0.43,0.976276611086932,-0.2165270852448143,150,0.81,33.0,-7.62,0.28,0.14,1.0,140.0,0.6218256929978236,0.6254299016461263
marrakech,2022-04-15,17.43,26.77,8.66,0.0,49.83,2.59,28.35,18.11,0.998968392122287,5.143255015831836,0.4699999999999928,96.99,16.547142857142855,-17.335505913215037,0.0,0.9724075561219968,-0.2332885440754551,151,0.7929999999999999,31.63,-7.99,0.25,0.12,1.0,130.0,0.4432486231932142,0.6829238058555062
meknes,2022-04-15,18.56,27.37,10.42,0.04,60.76,2.47,25.95,16.950000000000003,0.8388703163697444,5.07392340790603,4.290000000000036,83.68,17.232857142857142,-26.174425106404914,0.09,0.9724075561219968,-0.2332885440754551,151,0.7929999999999999,33.89,-5.55,0.3,0.15,1.0,150.0,0.5563263393425826,0.49343077061013885
settat,2022-04-15,18.69,28.31,10.38,0.04,62.48,3.8,26.26,17.93,0.8086512101313618,5.263123462379339,1.91,60.40000000000002,16.755714285714287,-48.54749070286989,0.11,0.9724075561219968,-0.2332885440754551,151,0.7929999999999999,33.0,-7.62,0.28,0.14,1.0,140.0,0.6644570932396167,0.6277677965451082
marrakech,2022-04-16,20.43,30.27,10.8,0.0,41.35,1.99,27.69,19.47,1.408333873496609,5.811174192006498,0.4699999999999928,96.63,16.75142857142857,-20.69945511445156,0.0,0.9682507501166718,-0.2499809690726521,152,0.776,31.63,-7.99,0.25,0.12,1.0,130.0,0.4773786409646163,0.6962185861894972
meknes,2022-04-16,20.12,29.79,11.52,0.0,42.17,3.05,26.76,18.27,1.362305551442886,5.51938229133533,4.260000000000036,82.66,17.69142857142857,-29.775621012427443,0.04,0.9682507501166718,-0.2499809690726521,152,0.776,33.89,-5.55,0.3,0.15,1.0,150.0,0.5917556506294622,0.47127125598981856
settat,2022-04-16,21.39,32.24,12.57,0.02,46.62,3.52,26.47,19.67,1.3597008502693528,5.946921256117591,1.77,59.43000000000002,17.39,-52.32063919240527,0.04,0.9682507501166718,-0.2499809690726521,152,0.776,33.0,-7.62,0.28,0.14,1.0,140.0,0.6823520441437614,0.6187806742072764
marrakech,2022-04-17,21.61,31.07,13.7,0.0,39.18,2.38,24.12,17.37,1.5702085842206837,5.6814209769989885,0.4699999999999928,96.6,16.944285714285716,-22.98221055448243,0.0,0.9638074231367308,-0.2665994206792935,153,0.7589999999999999,31.63,-7.99,0.25,0.12,1.0,130.0,0.4967914953243202,0.7028534688594005
meknes,2022-04-17,22.15,31.93,13.87,0.0,44.32,1.77,27.24,18.06,1.485654149965185,5.8077403452769145,4.260000000000036,82.62,17.814285714285713,-32.10817511317137,0.0,0.9638074231367308,-0.2665994206792935,153,0.7589999999999999,33.89,-5.55,0.3,0.15,1.0,150.0,0.5994684373075273,0.4062020043027207
settat,2022-04-17,21.98,31.99,14.03,0.04,47.44,2.24,24.58,17.96,1.3879571083922004,5.7933518291450135,1.7899999999999998,59.36000000000002,17.627142857142857,-54.559519671490925,0.02,0.9638074231367308,-0.2665994206792935,153,0.7589999999999999,33.0,-7.62,0.28,0.14,1.0,140.0,0.6807849556491401,0.6176865471377825
marrakech,2022-04-18,20.33,29.53,13.71,0.0,43.64,2.06,25.95,15.82,1.3450180439257453,5.266940712212088,0.3899999999999928,96.6,17.439999999999998,-24.1644847855965,0.0,0.9590788900341132,-0.2831389812281835,154,0.742,31.63,-7.99,0.25,0.12,1.0,130.0,0.4977637855753065,0.6627445493673283
meknes,2022-04-18,20.87,29.98,14.16,0.02,55.22,2.13,25.99,15.82,1.104819044631086,5.285045627028208,3.650000000000036,82.63,18.24714285714285,-33.30345282077223,0.0,0.9590788900341132,-0.2831389812281835,154,0.742,33.89,-5.55,0.3,0.15,1.0,150.0,0.566406361453765,0.3792603574176646
settat,2022-04-18,18.85,27.42,12.16,0.05,64.4,2.04,25.69,15.260000000000002,0.7749814027640155,4.941088205794343,1.26,59.390000000000015,18.1,-55.58817482450604,0.04,0.9590788900341132,-0.2831389812281835,154,0.742,33.0,-7.62,0.28,0.14,1.0,140.0,0.6562835204588072,0.6036257214357083
marrakech,2022-04-19,15.65,22.75,7.91,0.0,57.76,2.05,22.34,14.84,0.7510414176379692,4.492655903982088,0.1799999999999929,96.59,17.75857142857143,-24.94011132514786,0.0,0.9540665500578388,-0.2995947563972602,155,0.725,31.63,-7.99,0.25,0.12,1.0,130.0,0.4946952928515371,0.67584378195302
meknes,2022-04-19,15.74,22.23,11.66,0.2,69.34,3.81,24.71,10.57,0.5482955711038757,3.763335918927442,1.6300000000000356,81.94,18.327142857142857,-34.22525867264072,0.02,0.9540665500578388,-0.2995947563972602,155,0.725,33.89,-5.55,0.3,0.15,1.0,150.0,0.561862131299383,0.3367861424237544
settat,2022-04-19,14.85,20.5,10.76,0.2,71.94,2.88,18.57,9.74,0.4739185536945267,3.531472231186661,0.89,59.54000000000002,18.09,-55.60868533062519,0.05,0.9540665500578388,-0.2995947563972602,155,0.725,33.0,-7.62,0.28,0.14,1.0,140.0,0.6716962935767541,0.5852870676723219
marrakech,2022-04-20,11.92,19.15,6.13,0.0,61.0,2.76,24.82,13.02,0.5441210753301192,3.7532735929624583,0.0,96.59,17.46857142857143,-24.860346362103485,0.0,0.9487718864399473,-0.3159618766579029,156,0.708,31.63,-7.99,0.25,0.12,1.0,130.0,0.538275946696133,0.6597859513923174
meknes,2022-04-20,13.04,18.44,8.63,0.49,63.86,4.76,14.2,9.81,0.5427123536000003,3.3479881307182158,0.8400000000000355,82.27,18.044285714285717,-33.929089337806,0.2,0.9487718864399473,-0.3159618766579029,156,0.708,33.89,-5.55,0.3,0.15,1.0,150.0,0.5948955259780866,0.3397974952987897
settat,2022-04-20,13.63,19.58,8.95,0.06,65.56,3.12,21.39,10.63,0.5374785453764931,3.566058614735307,0.52,59.59000000000002,17.864285714285717,-55.561408973107135,0.2,0.9487718864399473,-0.3159618766579029,156,0.708,33.0,-7.62,0.28,0.14,1.0,140.0,0.7000342395252797,0.6091770678976922
marrakech,2022-04-21,12.12,20.65,4.64,0.01,56.25,2.25,30.17,16.009999999999998,0.6184940279727549,4.2057492683010524,0.0099999999999928,96.55,17.07,-25.78598345767455,0.0,0.9431964659565866,-0.3322354987159043,157,0.6910000000000001,31.63,-7.99,0.25,0.12,1.0,130.0,0.5654213048753465,0.5894981668772178
meknes,2022-04-21,13.11,20.82,7.78,0.25,66.36,3.08,27.99,13.04,0.5074870567486013,3.885054712004405,1.0000000000000355,79.89,17.655714285714286,-36.89474137908229,0.49,0.9431964659565866,-0.3322354987159043,157,0.6910000000000001,33.89,-5.55,0.3,0.15,1.0,150.0,0.6245991864092819,0.303491913984398
settat,2022-04-21,13.77,21.87,8.1,0.02,63.6,1.73,26.95,13.77,0.5732637121851447,4.0932296860278745,0.43,59.38000000000002,17.594285714285714,-56.77183555159077,0.06,0.9431964659565866,-0.3322354987159043,157,0.6910000000000001,33.0,-7.62,0.28,0.14,1.0,140.0,0.6903187631876472,0.6009670996568612
marrakech,2022-04-22,13.32,21.89,6.03,0.2,59.24,2.66,29.72,15.86,0.6233884750320234,4.369905835093204,0.2099999999999929,91.56000000000002,16.482857142857142,-32.21757118762683,0.01,0.9373419384643772,-0.3484108069446808,158,0.6739999999999999,31.63,-7.99,0.25,0.12,1.0,130.0,0.5550106812318603,0.6142288457986989
meknes,2022-04-22,14.64,22.99,6.91,0.6,63.95,4.58,28.61,16.08,0.6006725547115037,4.546418581425288,1.5600000000000356,62.33,17.095714285714287,-56.35657502228697,0.25,0.9373419384643772,-0.3484108069446808,158,0.6739999999999999,33.89,-5.55,0.3,0.15,1.0,150.0,0.542204170342246,0.4521708908316138
settat,2022-04-22,13.77,21.44,8.03,1.53,74.66,4.03,22.91,13.410000000000002,0.3990797380981201,4.055305861699931,1.92,54.51000000000002,16.891428571428573,-62.91472527986042,0.02,0.9373419384643772,-0.3484108069446808,158,0.6739999999999999,33.0,-7.62,0.28,0.14,1.0,140.0,0.6608789098158472,0.6354667209401332
marrakech,2022-04-23,12.88,19.69,8.03,0.58,69.38,1.91,21.57,11.660000000000002,0.4550298486430973,3.7071923376442,0.7899999999999929,87.60000000000001,15.404285714285711,-37.6000908159938,0.2,0.9312100364121948,-0.3644830148102912,159,0.657,31.63,-7.99,0.25,0.12,1.0,130.0,0.578554467105402,0.6373162047222808
meknes,2022-04-23,14.63,20.89,10.66,4.88,71.48,4.29,15.75,10.23,0.4748994085490763,3.6398095381095152,6.440000000000035,64.08,16.31142857142857,-55.90818578285936,0.6,0.9312100364121948,-0.3644830148102912,159,0.657,33.89,-5.55,0.3,0.15,1.0,150.0,0.5731856435881947,0.3729488709712752
settat,2022-04-23,14.56,20.75,10.14,2.24,73.47,3.44,23.28,10.61,0.4397702500437195,3.7117108729340336,4.140000000000001,54.09000000000002,15.915714285714284,-64.7809943136615,1.53,0.9312100364121948,-0.3644830148102912,159,0.657,33.0,-7.62,0.28,0.14,1.0,140.0,0.6715233219991272,0.6131897978749639
marrakech,2022-04-24,13.36,20.46,8.0,0.24,68.82,2.73,17.99,12.46,0.4781167679736731,3.9059043646390657,1.0299999999999927,86.68,14.225714285714288,-39.57704487767359,0.58,0.9248025743285088,-0.3804473662878516,160,0.64,31.63,-7.99,0.25,0.12,1.0,130.0,0.5988538019878059,0.6408130438147378
meknes,2022-04-24,15.0,21.57,9.08,0.17,66.97,1.97,20.09,12.49,0.5632758604678396,4.0837548254919565,6.610000000000036,63.75,15.29,-57.162059845877565,4.88,0.9248025743285088,-0.3804473662878516,160,0.64,33.89,-5.55,0.3,0.15,1.0,150.0,0.6084066675451938,0.4097162247139071
settat,2022-04-24,13.99,19.39,8.92,0.1,73.77,2.45,21.55,10.47,0.419042022068492,3.635871586716017,4.2,53.41000000000002,14.774285714285714,-66.31597596366292,2.24,0.9248025743285088,-0.3804473662878516,160,0.64,33.0,-7.62,0.28,0.14,1.0,140.0,0.6987101966004048,0.6259984487693289
marrakech,2022-04-25,14.75,22.38,8.92,0.65,69.31,2.36,26.69,13.46,0.5150062237824454,4.255284640107107,1.6799999999999928,87.31,13.428571428571429,-39.57438331482607,0.24,0.9181214482844364,-0.3962991372689181,161,0.623,31.63,-7.99,0.25,0.12,1.0,130.0,0.5932946252268989,0.6365090937198642
meknes,2022-04-25,16.69,25.27,9.94,0.26,67.15,2.02,25.88,15.33,0.624146048732291,4.775756495663116,6.850000000000036,63.72,14.69285714285714,-58.52569721413905,0.17,0.9181214482844364,-0.3962991372689181,161,0.623,33.89,-5.55,0.3,0.15,1.0,150.0,0.5207149836358953,0.42094236870004753
settat,2022-04-25,16.25,23.61,10.66,0.25,69.0,2.75,27.24,12.95,0.5727329565357022,4.3470745593150975,4.4,53.40000000000001,14.402857142857144,-66.95392123186105,0.1,0.9181214482844364,-0.3962991372689181,161,0.623,33.0,-7.62,0.28,0.14,1.0,140.0,0.6921372940168016,0.6649406230637566
marrakech,2022-04-26,14.28,20.61,9.65,0.63,71.92,2.5,21.71,10.96,0.4571100074132782,3.797084477380445,2.309999999999993,87.94,13.232857142857142,-37.97680807001437,0.65,0.9111686353326632,-0.4120336369594263,162,0.606,31.63,-7.99,0.25,0.12,1.0,130.0,0.6311778507132295,0.6311296936594911
meknes,2022-04-26,15.31,19.35,12.05,3.49,84.79,1.21,13.08,7.300000000000001,0.2646054576061195,3.1756648928126503,10.140000000000036,67.21,14.631428571428572,-53.36859379437764,0.26,0.9111686353326632,-0.4120336369594263,162,0.606,33.89,-5.55,0.3,0.15,1.0,150.0,0.5606633182805236,0.2930689685677905
settat,2022-04-26,15.79,21.45,11.25,0.5,74.51,2.95,23.52,10.2,0.4573008326649325,3.8196145586987886,4.7,53.860000000000014,14.537142857142856,-65.61089265337202,0.25,0.9111686353326632,-0.4120336369594263,162,0.606,33.0,-7.62,0.28,0.14,1.0,140.0,0.6966778449411226,0.6310419763676192
marrakech,2022-04-27,15.26,23.52,8.7,0.14,68.25,2.29,26.76,14.82,0.5505774972961669,4.565190922999255,2.449999999999993,87.55,13.71,-38.55863868347507,0.63,0.9039461929224012,-0.4276462092677746,163,0.589,31.63,-7.99,0.25,0.12,1.0,130.0,0.6442252817044218,0.6176617501102888
meknes,2022-04-27,16.38,23.05,11.71,0.56,75.28,2.38,21.01,11.34,0.4605069343948698,4.101020118306824,10.210000000000036,67.71,15.108571428571429,-52.392093449600544,3.49,0.9039461929224012,-0.4276462092677746,163,0.589,33.89,-5.55,0.3,0.15,1.0,150.0,0.5807142908818022,0.31954973244315077
settat,2022-04-27,16.2,23.56,11.43,1.1,75.14,3.03,20.63,12.13,0.4578329794218634,4.231041937393738,5.74,53.710000000000015,14.904285714285717,-66.24997867865052,0.5,0.9039461929224012,-0.4276462092677746,163,0.589,33.0,-7.62,0.28,0.14,1.0,140.0,0.7105929587216742,0.6086754599290757
marrakech,2022-04-28,15.51,23.41,9.93,0.03,62.37,2.82,29.48,13.48,0.6630979834053231,4.40087529182845,2.469999999999993,82.9,14.194285714285714,-44.23985066026718,0.14,0.8964562582905575,-0.4431322341826345,164,0.5720000000000001,31.63,-7.99,0.25,0.12,1.0,130.0,0.6778702651437061,0.6452861767144559
meknes,2022-04-28,16.64,23.85,10.84,0.49,67.62,2.23,27.9,13.010000000000002,0.613264687041347,4.441991540679472,10.450000000000037,57.11,15.612857142857145,-64.22098759769203,0.56,0.8964562582905575,-0.4431322341826345,164,0.5720000000000001,33.89,-5.55,0.3,0.15,1.0,150.0,0.615038169739936,0.4715939168342117
settat,2022-04-28,15.96,23.99,11.07,0.09,70.88,3.65,26.76,12.919999999999998,0.5281337954843139,4.350756094914011,5.8100000000000005,43.96000000000002,15.21714285714286,-77.84022187314105,1.1,0.8964562582905575,-0.4431322341826345,164,0.5720000000000001,33.0,-7.62,0.28,0.14,1.0,140.0,0.7425590892818328,0.6745350251176858
marrakech,2022-04-29,16.63,25.6,8.53,0.0,51.95,2.59,30.5,17.07,0.909470240342254,5.134842850614115,2.269999999999993,74.27000000000001,14.667142857142858,-55.40207015477933,0.03,0.8887010478292915,-0.4584871291400876,165,0.5549999999999999,31.63,-7.99,0.25,0.12,1.0,130.0,0.7005262730265827,0.7068868920114841
meknes,2022-04-29,17.5,25.72,9.51,0.01,58.31,3.87,29.02,16.21,0.8337945698357893,5.099979185678136,9.860000000000037,48.47,16.021428571428572,-75.71478598264176,0.49,0.8887010478292915,-0.4584871291400876,165,0.5549999999999999,33.89,-5.55,0.3,0.15,1.0,150.0,0.6466888207463912,0.5242370679378239
settat,2022-04-29,18.26,27.91,10.12,0.07,60.91,4.12,28.87,17.79,0.8200978402410043,5.47145094662997,4.3500000000000005,38.37000000000002,15.858571428571429,-86.46080904454749,0.09,0.8887010478292915,-0.4584871291400876,165,0.5549999999999999,33.0,-7.62,0.28,0.14,1.0,140.0,0.7613810790889057,0.7135777198761644
marrakech,2022-04-30,19.29,27.74,11.22,0.0,41.2,2.38,28.99,16.519999999999996,1.3156294291802375,5.458279974390374,1.6899999999999928,74.15,15.58285714285714,-57.25432367956756,0.0,0.8806828564301475,-0.47370635037968,166,0.538,31.63,-7.99,0.25,0.12,1.0,130.0,0.7158626707894424,0.7141427386596498
meknes,2022-04-30,19.67,28.87,10.66,0.0,51.05,2.91,29.01,18.21,1.1214148819942973,5.757461172870337,4.980000000000037,46.3,16.74142857142857,-80.49734928315009,0.01,0.8806828564301475,-0.47370635037968,166,0.538,33.89,-5.55,0.3,0.15,1.0,150.0,0.6585246252460585,0.5565918470575406
settat,2022-04-30,20.08,30.05,11.33,0.03,50.58,2.25,28.27,18.72,1.1613136968141724,5.915268976694729,2.14,38.01000000000001,16.647142857142857,-89.28163002863509,0.07,0.8806828564301475,-0.47370635037968,166,0.538,33.0,-7.62,0.28,0.14,1.0,140.0,0.7638458394225316,0.755687766164372
marrakech,2022-05-01,19.64,28.49,12.31,0.0,41.3,2.17,28.94,16.18,1.3422797284693633,5.468983541935745,1.4499999999999929,73.95,16.48,-58.946386247041694,0.0,0.8724040568049612,-0.4887853942889926,167,0.521,31.63,-7.99,0.25,0.12,1.0,130.0,0.7164297347068933,0.6405318538220756
meknes,2022-05-01,20.6,29.71,13.47,0.01,47.34,2.18,29.18,16.240000000000002,1.2778224475550306,5.590761097272448,4.820000000000037,45.63,17.541428571428572,-83.22645477153938,0.0,0.8724040568049612,-0.4887853942889926,167,0.521,33.89,-5.55,0.3,0.15,1.0,150.0,0.6412739798872875,0.5575391971574714
settat,2022-05-01,19.7,29.38,12.62,0.27,60.54,2.11,28.2,16.759999999999998,0.9056892232225549,5.558632672798172,2.31,38.12000000000002,17.462857142857143,-91.0901324764155,0.03,0.8724040568049612,-0.4887853942889926,167,0.521,33.0,-7.62,0.28,0.14,1.0,140.0,0.7505674479921975,0.7459307361643237
marrakech,2022-05-02,16.93,24.7,10.51,0.04,53.04,2.25,30.21,14.19,0.905928928934496,4.764664723526424,0.8399999999999928,73.99000000000001,16.791428571428572,-59.01784211487696,0.0,0.8638670987837349,-0.503719798736334,168,0.504,31.63,-7.99,0.25,0.12,1.0,130.0,0.7069253664925652,0.6214598167614943
meknes,2022-05-02,16.86,23.82,11.22,0.45,68.16,3.76,28.1,12.6,0.6115204142805251,4.459429907422709,5.010000000000037,46.07,17.565714285714286,-83.30980150867873,0.01,0.8638670987837349,-0.503719798736334,168,0.504,33.89,-5.55,0.3,0.15,1.0,150.0,0.4622768468470082,0.5058747552043155
settat,2022-05-02,16.64,24.07,11.27,0.47,72.38,2.74,19.16,12.8,0.5231121265003708,4.475293452160521,2.53,38.47000000000001,17.518571428571427,-91.23127063975105,0.27,0.8638670987837349,-0.503719798736334,168,0.504,33.0,-7.62,0.28,0.14,1.0,140.0,0.6761744435762104,0.704834677292218
marrakech,2022-05-03,14.17,20.4,9.58,0.24,68.15,2.57,22.03,10.82,0.5147999080922627,3.84074138226765,0.4499999999999928,73.05000000000001,16.775714285714287,-59.9559995430964,0.04,0.8550745085896932,-0.518505144391157,169,0.4870000000000001,31.63,-7.99,0.25,0.12,1.0,130.0,0.7215054814091151,0.6294813802406468
meknes,2022-05-03,14.83,19.82,12.03,9.97,79.1,3.27,14.44,7.790000000000001,0.3525351435355064,3.311577184055742,11.490000000000038,56.03,17.497142857142858,-73.29485655081587,0.45,0.8550745085896932,-0.518505144391157,169,0.4870000000000001,33.89,-5.55,0.3,0.15,1.0,150.0,0.4307251300646153,0.38249663421483154
settat,2022-05-03,15.5,20.26,12.0,3.88,74.33,3.28,18.8,8.260000000000002,0.452054577947428,3.486640922766735,5.91,42.11000000000002,17.47714285714286,-87.44216780395502,0.47,0.8550745085896932,-0.518505144391157,169,0.4870000000000001,33.0,-7.62,0.28,0.14,1.0,140.0,0.6825794649245536,0.6729060054058643
marrakech,2022-05-04,14.76,21.65,9.52,0.09,63.22,2.34,28.95,12.13,0.6176002448437092,4.153019025327282,0.3999999999999928,17.62,16.704285714285714,-116.70896430545665,0.24,0.8460288880917339,-0.533137056031809,170,0.4700000000000001,31.63,-7.99,0.25,0.12,1.0,130.0,0.75249261474572,0.8523721814762776
meknes,2022-05-04,15.5,20.62,11.83,3.45,74.75,2.47,16.68,8.790000000000001,0.4446582817753234,3.6011097915679047,14.380000000000038,33.800000000000004,17.371428571428574,-96.30743860483553,9.97,0.8460288880917339,-0.533137056031809,170,0.4700000000000001,33.89,-5.55,0.3,0.15,1.0,150.0,0.4994039836772123,0.5794800561285562
settat,2022-05-04,16.59,22.91,12.35,0.93,70.66,2.47,24.23,10.56,0.5539249682094741,4.083408786503363,5.74,26.760000000000016,17.532857142857143,-104.04368152886252,3.88,0.8460288880917339,-0.533137056031809,170,0.4700000000000001,33.0,-7.62,0.28,0.14,1.0,140.0,0.7119027732982175,0.7402898397635697
marrakech,2022-05-05,17.64,26.43,8.8,0.0,53.24,2.73,30.46,17.63,0.9434905395636828,5.464211758265457,0.3699999999999928,3.39,17.00857142857143,-134.13175121456104,0.09,0.8367329140344921,-0.5476112038402312,171,0.453,31.63,-7.99,0.25,0.12,1.0,130.0,0.775266630545981,0.9101346127639661
meknes,2022-05-05,18.28,26.35,10.24,0.14,63.79,1.94,29.1,16.11,0.7606301002594531,5.298170617490426,14.030000000000037,30.630000000000003,17.60571428571429,-101.75559415256276,3.45,0.8367329140344921,-0.5476112038402312,171,0.453,33.89,-5.55,0.3,0.15,1.0,150.0,0.5439890197713186,0.6198305128062456
settat,2022-05-05,18.54,27.18,10.7,0.32,65.16,3.63,28.85,16.48,0.7438753742504916,5.405980689396074,5.97,16.840000000000018,17.90142857142857,-117.0924477843428,0.93,0.8367329140344921,-0.5476112038402312,171,0.453,33.0,-7.62,0.28,0.14,1.0,140.0,0.7369545756179063,0.7775578942927992
marrakech,2022-05-06,21.4,31.48,11.83,0.0,38.6,2.33,29.66,19.65,1.564945147461843,6.397378388874223,0.3699999999999928,3.3200000000000003,17.69,-137.37791071818776,0.0,0.8271893372462497,-0.5619233046832195,172,0.4359999999999999,31.63,-7.99,0.25,0.12,1.0,130.0,0.7818350027505313,0.9048231939203542
meknes,2022-05-06,21.23,31.06,11.51,0.0,50.11,2.12,29.86,19.55,1.2584046719931254,6.332324381387985,14.020000000000037,29.790000000000003,18.138571428571428,-106.07417578185654,0.14,0.8271893372462497,-0.5619233046832195,172,0.4359999999999999,33.89,-5.55,0.3,0.15,1.0,150.0,0.5544974696190327,0.6428509049674507
settat,2022-05-06,20.93,31.52,11.72,0.01,56.07,2.85,29.33,19.8,1.0878526748196065,6.333008594838852,5.91,14.430000000000014,18.282857142857143,-122.65227132362054,0.32,0.8271893372462497,-0.5619233046832195,172,0.4359999999999999,33.0,-7.62,0.28,0.14,1.0,140.0,0.7490057631767637,0.7860980411198497
marrakech,2022-05-07,22.35,31.29,14.51,0.0,34.25,2.16,30.02,16.78,1.7758171495871955,6.070327089033164,0.3699999999999928,3.3200000000000003,18.127142857142854,-139.00893209762216,0.0,0.8174009818249189,-0.5760691233798758,173,0.4189999999999999,31.63,-7.99,0.25,0.12,1.0,130.0,0.7982488005218075,0.8838643593583981
meknes,2022-05-07,22.63,31.54,15.03,0.01,46.17,1.82,28.78,16.509999999999998,1.4788046256812366,6.045246430833902,14.030000000000037,29.76,18.56142857142857,-107.96081967334888,0.0,0.8174009818249189,-0.5760691233798758,173,0.4189999999999999,33.89,-5.55,0.3,0.15,1.0,150.0,0.5769219029875088,0.633720108593797
settat,2022-05-07,21.69,32.14,12.72,0.0,50.2,2.81,29.36,19.42,1.2920034634348607,6.412506809684255,5.88,14.340000000000014,18.512857142857143,-124.9608136309382,0.01,0.8174009818249189,-0.5760691233798758,173,0.4189999999999999,33.0,-7.62,0.28,0.14,1.0,140.0,0.7600433183666979,0.7501308559883336
marrakech,2022-05-08,24.31,34.32,15.65,0.0,31.91,2.22,29.7,18.67,2.069862139548002,6.7321375263557695,0.3699999999999928,3.3200000000000003,18.794285714285717,-141.1375555026108,0.0,0.8073707443023492,-0.5900444739548627,174,0.4020000000000001,31.63,-7.99,0.25,0.12,1.0,130.0,0.8094588098370306,0.8841629833345519
meknes,2022-05-08,23.59,32.68,15.41,0.0,45.84,1.7,29.7,17.27,1.5767436357907527,6.3473151471735125,14.020000000000037,29.74,18.98857142857143,-109.95188369177669,0.01,0.8073707443023492,-0.5900444739548627,174,0.4020000000000001,33.89,-5.55,0.3,0.15,1.0,150.0,0.6026680857373441,0.6355300923704233
settat,2022-05-08,22.85,32.96,14.32,0.0,45.56,2.9,28.72,18.64,1.5156364712083252,6.484150611245148,5.609999999999999,14.090000000000014,18.962857142857143,-127.39006898348434,0.0,0.8073707443023492,-0.5900444739548627,174,0.4020000000000001,33.0,-7.62,0.28,0.14,1.0,140.0,0.7736808190161295,0.7868894537888429
marrakech,2022-05-09,25.56,35.12,16.31,0.0,30.43,2.32,29.91,18.81,2.2784128397440284,6.974510355796728,0.3299999999999927,3.3200000000000003,20.027142857142856,-142.98665956176424,0.0,0.7971015927871943,-0.6038452208771035,175,0.385,31.63,-7.99,0.25,0.12,1.0,130.0,0.8144843883329232,0.8867093722413695
meknes,2022-05-09,25.42,35.4,16.79,0.0,40.29,1.83,29.38,18.61,1.939319371413552,6.898976646810452,13.570000000000038,29.710000000000004,20.21142857142857,-112.14200784194658,0.0,0.7971015927871943,-0.6038452208771035,175,0.385,33.89,-5.55,0.3,0.15,1.0,150.0,0.617511054161137,0.6361784209264133
settat,2022-05-09,24.77,35.5,16.56,0.0,42.09,2.06,29.46,18.94,1.8094775445698643,6.862532578829447,5.14,13.930000000000014,20.124285714285715,-129.48768103036147,0.0,0.7971015927871943,-0.6038452208771035,175,0.385,33.0,-7.62,0.28,0.14,1.0,140.0,0.7837407975274602,0.7678315344178028
marrakech,2022-05-10,25.03,34.26,17.02,0.0,27.72,2.1,30.06,17.24,2.293764470819196,6.610754148576448,0.0899999999999927,3.3200000000000003,21.57857142857143,-143.98099403241514,0.0,0.7865965660866021,-0.6174672802835514,176,0.368,31.63,-7.99,0.25,0.12,1.0,130.0,0.8209238709399993,0.9026102723936525
meknes,2022-05-10,25.1,34.97,15.95,0.0,37.06,3.97,30.42,19.02,2.0057063127318413,6.941196761413583,3.6000000000000374,29.710000000000004,21.678571428571427,-113.14066709766485,0.0,0.7865965660866021,-0.6174672802835514,176,0.368,33.89,-5.55,0.3,0.15,1.0,150.0,0.630521802312157,0.6604623599549674
settat,2022-05-10,25.39,36.22,17.24,0.0,38.81,1.87,28.82,18.98,1.98385095942386,6.987330423799304,1.26,13.910000000000014,21.537142857142857,-130.84056544321373,0.0,0.7865965660866021,-0.6174672802835514,176,0.368,33.0,-7.62,0.28,0.14,1.0,140.0,0.7802747279657092,0.8318102123268617
marrakech,2022-05-11,24.76,33.88,16.96,0.01,31.84,2.33,27.08,16.92,2.1284823914721724,6.522445222494325,0.0099999999999927,3.25,23.00714285714286,-145.7987621493358,0.0,0.7758587728069828,-0.6309066211876704,177,0.351,31.63,-7.99,0.25,0.12,1.0,130.0,0.7877888777303765,0.8893388338086561
meknes,2022-05-11,24.92,35.56,16.45,0.0,41.65,2.46,27.89,19.110000000000003,1.8396085413647576,6.94617300223735,0.1500000000000373,29.08,23.024285714285718,-116.44698056863032,0.0,0.7758587728069828,-0.6309066211876704,177,0.351,33.89,-5.55,0.3,0.15,1.0,150.0,0.6070981244464361,0.7028336144887583
settat,2022-05-11,23.6,31.66,15.66,0.21,46.47,2.03,23.59,16.0,1.5593412120820112,6.16449920651722,0.54,13.540000000000015,22.53857142857143,-133.5985372881387,0.0,0.7758587728069828,-0.6309066211876704,177,0.351,33.0,-7.62,0.28,0.14,1.0,140.0,0.7352420267654338,0.8222109479142513
marrakech,2022-05-12,23.25,31.22,17.53,1.82,43.74,2.87,15.95,13.689999999999998,1.6046481000425428,5.671112665303219,1.8299999999999927,4.86,23.80857142857143,-146.41957977575487,0.01,0.7648913904341226,-0.6441592666722685,178,0.3339999999999999,31.63,-7.99,0.25,0.12,1.0,130.0,0.8038060480238615,0.9088559080324076
meknes,2022-05-12,23.96,31.86,18.56,0.9,49.97,1.87,16.14,13.3,1.4892734958818366,5.67871321539826,0.9100000000000372,27.76,23.835714285714285,-120.13299951998144,0.0,0.7648913904341226,-0.6441592666722685,178,0.3339999999999999,33.89,-5.55,0.3,0.15,1.0,150.0,0.6390593307508827,0.6960346666490287
settat,2022-05-12,23.36,30.56,18.3,2.59,52.53,3.49,11.75,12.259999999999998,1.3629565918876692,5.377546488485345,2.81,15.560000000000016,23.22714285714286,-133.22705644024077,0.21,0.7648913904341226,-0.6441592666722685,178,0.3339999999999999,33.0,-7.62,0.28,0.14,1.0,140.0,0.7578152992704034,0.7929785429784347
